project,CCOR,BCOR,CCFOR,BCFOR,CPCO,BPCO,chacmtfiles,bugcmtfiles,chacmters,bugcmters,chacmts,bugcmts
12306,11.16666667,1.166666667,2.472222222,1.166666667,0.078718057,0.060606061,72,12,30,3,316,4
Agriculture_KnowledgeGraph,3.389473684,Null,1.671052632,null,0.105269152,null,380,0,7,0,136,0
aiohttp,32.62898551,15.53254438,8.571014493,7.162721893,0.040431455,0.04388945,345,338,559,437,5014,1715
airavata-django-portal,5.117647059,Null,1.607843137,null,0.048096355,null,510,0,8,0,578,0
airflow,10.55229358,6.809751434,6.30733945,5.194072658,0.05609665,0.059484548,1090,1046,874,706,4163,2086
akshare,16.84527221,Null,1.126074499,null,0.014892704,null,349,0,18,0,2003,0
albumentations,16.54320988,12.35897436,5.987654321,5.294871795,0.114208693,0.106851496,81,78,104,91,564,327
algo,8.870056497,6.954285714,2.740112994,2.582857143,0.07635415,0.06896839,177,175,144,137,779,487
algorithms,2.67003367,2.186619718,2.053872054,1.852112676,0.115379173,0.061171806,297,284,136,103,338,195
allennlp,11.26243568,11.02777778,4.682675815,4.694444444,0.028406896,0.028424322,583,576,199,197,1890,1769
allura,14.40929204,12.84301413,4.02359882,3.457613815,0.040216517,0.044992659,1356,1274,68,60,7229,6276
AlphaPose,1.991071429,1.064935065,1.415178571,1.051948052,0.055225943,0.055972678,224,77,15,5,115,6
altair,7.945205479,1.290322581,2.133561644,1.161290323,0.023036368,0.009283088,292,31,107,17,1249,30
androguard,11.39676113,2.507936508,3.068825911,1.53968254,0.10633932,0.102567153,247,63,81,17,1237,73
angr,8.896460177,3.756126021,2.851327434,1.880980163,0.012525072,0.009711496,1130,857,185,100,4189,1005
anki,10.29296875,1.48358209,1.659375,1.202985075,0.159115513,0.023861189,1280,335,73,16,4084,80
ansible,5.122116562,3.764351349,2.814989172,2.381385239,0.002666145,0.00178127,10621,10121,2837,1971,18876,11281
apex,4.254691689,2.054878049,1.919571046,1.554878049,0.020162594,0.022555995,373,328,82,58,669,172
apistar,5.916666667,2.733333333,1.770833333,1.488888889,0.373641487,0.389309057,96,90,52,35,349,75
apprise,11.76630435,7.272222222,1.304347826,1.2,0.046957526,0.045160373,184,180,26,19,435,222
apscheduler,8.47,3.05,1.21,1.4,0.038322935,0.046259296,100,20,17,12,393,41
ArchiveBox,15.4375,2.333333333,2.25,2,0.145247807,0.45,192,3,60,5,1986,6
asm-dude,13.20711974,1,1.051779935,1,0.029216109,null,309,1,9,1,714,1
astroquery,10.53582555,1.627906977,2.757009346,1.337209302,0.01746481,0.024462985,642,86,94,19,3662,58
asyncpg,16.38383838,5.481012658,3.101010101,2.126582278,0.04888901,0.052394757,99,79,57,31,631,145
attrs,20.63855422,12.06666667,5.493975904,5.44,0.077636457,0.075136979,83,75,97,91,719,307
bitbake,20.07943925,7.605691057,4.271028037,2.829268293,0.034078487,0.0300105,428,246,225,84,5222,1083
boto,10.17532468,2.908695652,4.361471861,1.865217391,0.01035874,0.010420706,924,230,647,95,5052,384
calibre,13.3072844,5.000856164,1.671783422,1.158390411,0.002826938,0.006507144,3583,1168,231,21,24119,3967
cassandra-dtest,21.35981308,4.424528302,6.556074766,2.811320755,0.052464294,0.031797117,214,106,87,38,2902,194
celery,25.78930818,6.946927374,4.27672956,3.625698324,0.042990382,0.020285082,636,358,749,312,6797,1239
cerbero,9.240506329,1,2.484629295,1,0.03309767,0,553,8,51,4,2672,6
certbot,7.760549558,5.651612903,2.887144259,2.998387097,0.040742256,0.024364643,1019,620,308,173,3117,1064
ChatterBot,11.63736264,1.5,1.686813187,1.142857143,0.025215974,0.010355961,182,42,55,8,1034,29
cheetah,6.610619469,2,1.371681416,1,0.062864352,0,113,3,13,2,547,6
cherrypy,37.61486486,9.247863248,6.493243243,2.837606838,0.034470144,0.039458103,148,117,111,39,2597,589
cobbler,25.02142857,3.207317073,5.085714286,1.865853659,0.03827829,0.048638676,280,82,204,29,3376,149
codespeed,7.967741935,1.769230769,2.666666667,1.384615385,0.061113968,0.048864044,93,26,30,9,388,24
dagster,9.10609358,2.393201654,3.118063112,1.562241617,0.009525063,0.005745381,3676,2177,124,106,5772,1019
DAIN,2.363636364,1,1.181818182,1,0.192384853,null,121,1,9,1,144,1
darkflow,6.595744681,1,1.829787234,1,0.100196317,null,47,1,27,1,245,1
dash,9.66374269,2.390374332,2.722222222,1.572192513,0.070488674,0.069464694,342,187,83,27,1959,125
dask,31.72609819,22.59139785,10.05426357,9.516129032,0.030310938,0.029424401,387,372,444,415,4844,2781
datasets,3.964574509,3.410196987,2.991913747,2.749710313,0.002443126,0.002282543,2597,2589,311,306,1856,1541
datasette,24.59259259,20.65986395,2.00617284,1.972789116,0.025247253,0.025964024,162,147,58,55,1616,1025
deap,8.540697674,1.111111111,2.360465116,1,0.034278339,0,172,18,70,4,991,12
DeDRM_tools,5,1,2.065789474,1,0.041758056,0,76,2,45,2,177,2
DeepCTR,7.478947368,3.734693878,1.710526316,1.482993197,0.05235931,0.064318905,190,147,15,9,104,22
DeepFaceLab,13.29133858,1.647058824,1.68503937,1.647058824,0.075918336,0.087777778,127,17,19,15,948,18
deep-learning-for-image-processing,3.444444444,Null,1.016260163,null,0.005420054,null,369,0,3,0,535,0
DeepPavlov,6.568681319,4.361945637,3.468406593,2.821173104,0.024110056,0.020748847,728,699,79,60,1145,391
DeepSpeed,4.620437956,4.438902743,2.447688564,2.436408978,0.029542692,0.028053748,411,401,72,69,612,524
deis,5.703056769,2.27184466,2.335371179,1.325242718,0.012159605,0.012720459,1145,206,147,28,2216,165
deluge,16.37192982,3.398148148,2.471929825,1.685185185,0.020467829,0.025994315,570,216,58,30,3321,357
deoplete.nvim,42.68852459,14.97058824,3.868852459,1.323529412,0.154335465,0.030139632,61,34,95,6,1610,325
Detectron,3.070588235,1.375,1.541176471,1.25,0.037778513,0.028571429,170,16,37,15,114,17
detectron2,6.293956044,1.939189189,2.417582418,1.614864865,0.010840292,0.013196746,728,148,189,56,1229,112
diagrams,3.795275591,2.772020725,2.448818898,2.279792746,0.052120467,0.051271307,254,193,96,79,363,144
dirsearch,6.1,1.369230769,2.588,1.346153846,0.214527292,0.053451381,250,130,64,8,840,16
discord.py,35.59459459,5.371794872,8.772972973,1.923076923,0.035444329,0.024750329,185,78,321,23,3452,202
django,16.48367678,11.67478814,6.864088909,6.076271186,0.006152082,0.006822637,4319,3776,1827,1373,19724,12717
django-allauth,8.194857916,3.852409639,3.553450609,1.888554217,0.018903641,0.023126083,739,332,537,122,1784,398
DjangoBlog,8.283018868,2.026666667,2.125786164,1.306666667,0.047112243,0.0577553,159,75,20,4,376,33
django-cms,18.96215139,5.713868613,5.087649402,3.223357664,0.014329978,0.012581997,1004,685,450,175,7807,894
django-crispy-forms,9.990196078,5.553956835,4.343137255,3.071942446,0.025831285,0.031953067,204,139,182,72,970,259
django-extensions,13.12844037,3.768115942,5.71559633,2.427536232,0.021390931,0.028024481,327,138,497,88,2312,251
django-haystack,15.78365385,3,5.514423077,1.652542373,0.029136235,0.0410794,208,118,199,40,1296,135
django-oscar,6.772371851,2.007978723,3.002606429,1.64893617,0.0112751,0.007205726,1151,376,240,94,2599,316
django-rest-framework,21.832,7.011869436,8.298666667,4.06231454,0.019649883,0.016458472,375,337,871,323,4275,1099
django-tastypie,10.79775281,2.91954023,4.471910112,2.126436782,0.044797513,0.06785262,267,174,200,55,1058,140
doccano,3.892134831,1.489795918,1.476404494,1.204081633,0.05928622,0.036433972,445,49,61,13,799,43
docker-py,19.58695652,2.786666667,6.706521739,2.24,0.079718958,0.073171705,184,75,352,53,1817,99
docker-stacks,18.57037037,5.034482759,5.792592593,3.448275862,0.064515635,0.082471176,135,29,205,29,1310,83
docutils,16.03947368,1.3,2.462406015,1.1,0.034221597,0.010912698,532,30,32,7,3806,23
dotbot,3.680851064,1.333333333,1.627659574,1.166666667,0.135524141,0.166666667,94,12,28,2,182,5
dowhy,6.549382716,3.080645161,2.141975309,1.483870968,0.057308739,0.024018844,162,124,43,15,360,88
dvc,21.75944334,14.57873211,5.451292247,4.873210634,0.023522645,0.020792578,503,489,216,177,3910,1838
dymos,4.072580645,3.613821138,1.536290323,1.422764228,0.060594121,0.063048835,248,246,8,7,109,66
easytrader,17.30909091,3.787878788,3.218181818,2.909090909,0.077619126,0.065328843,55,33,47,37,480,69
edgedb,18.11576011,8.689536878,3.114365411,2.615780446,0.028301616,0.036974583,717,583,33,27,2856,937
Eel,5.694915254,2.208333333,2.254237288,1.5,0.123405011,0.104302958,59,24,35,10,171,21
eht-imaging,20.336,Null,2.704,null,0.067142612,null,125,0,28,0,1371,0
elastalert,31.24358974,2.95,11.3974359,2.6,0.117278688,0.113977072,78,20,248,19,1381,24
elasticsearch-dsl-py,23.6779661,9.96969697,5.169491525,3.151515152,0.056442842,0.064942963,59,33,118,45,837,238
elasticsearch-py,3.895,4.766666667,1.308333333,2.733333333,0.059070824,0.100298654,600,30,76,30,555,83
electrum,25.8877551,6.288135593,3.117346939,2.06779661,0.038810845,0.02501881,392,236,182,75,5171,697
emissary,3.88126189,2.233962264,1.785034876,1.154716981,0.075375379,0.107154078,6308,265,81,20,3613,150
espnet,4.822713643,1.551612903,2.128185907,1.125806452,0.006183421,0.014702971,5336,310,202,28,7867,86
esptool,9.453846154,5.625,3,2,0.26447067,0.325700058,130,16,75,11,644,62
EverydayWechat,5.47826087,Null,1.304347826,null,0.103863947,null,69,0,14,0,141,0
explainshell,6,3.588235294,1.436619718,1.352941176,0.06538347,0.080555556,71,17,15,6,215,26
fabric,19.95876289,2.8,1.536082474,1.1,0.040868102,0.016880342,97,40,16,4,1172,65
facenet,6.083333333,Null,1.816666667,null,0.075935158,null,60,0,31,0,223,0
faceswap,9.310218978,4.334841629,1.908759124,1.877828054,0.066044267,0.07031008,274,221,76,62,916,189
fail2ban,15.83737864,2.881987578,3.655339806,1.658385093,0.038424591,0.045695605,412,161,190,34,2958,177
fairseq,6.04076087,4.265748031,2.822463768,2.343503937,0.011632221,0.011084557,1104,1016,314,245,1823,943
faker,7.521959459,3.448943662,4.216216216,2.503521127,0.016387897,0.016354843,592,568,397,199,1626,411
falcon,11.85459941,9.448916409,4.424332344,4.185758514,0.037101354,0.03230771,337,323,162,133,1258,721
fastapi,4.916561315,3.766710354,2.438685209,2.471821756,0.014042575,0.01420679,791,763,233,228,1385,624
FATE,3.74017199,1.347826087,1.648034398,1.043478261,0.019716016,0.011111111,1628,23,67,6,1924,9
faust,13.29310345,2.519379845,1.60815047,1.139534884,0.016679258,0.020345743,638,129,83,8,3238,130
featuretools,10.6728972,10.7804878,4.761682243,4.824390244,0.062265701,0.064340838,214,205,56,55,655,637
flair,21.87421384,2.147058824,5.20754717,1.588235294,0.060982562,0.041466165,159,34,193,20,2353,44
Flashlight,2.791180943,1.782608696,1.220476432,1.054347826,0.003354558,0.004038156,1973,92,139,6,1160,32
flask,17.62376238,4.32038835,7.762376238,3.398058252,0.022812833,0.026380614,202,103,544,139,1859,282
flask-admin,2.89634479,1.17679558,1.63938898,1.048342541,0.021773207,0.029122278,1833,1448,301,47,1618,181
Flask-AppBuilder,9.936390533,3.588461538,2.229289941,1.780769231,0.023267225,0.024407873,676,260,147,69,2919,337
flask-sqlalchemy,8.362318841,2.263157895,3.086956522,1.578947368,0.061959528,0.059538567,69,19,67,12,295,31
flocker,30.66027875,1.365853659,3.649825784,1.292682927,0.03394312,0.026543624,574,41,49,10,11713,28
flower,13.19827586,5.881578947,5.034482759,3.973684211,0.034579124,0.038260337,116,76,185,93,869,243
fluo-muchos,4.036363636,2.783018868,1.827272727,1.669811321,0.081598578,0.148221999,110,106,6,4,102,55
folium,11.08064516,4.097222222,4.198924731,2.729166667,0.064563034,0.04480491,186,144,117,61,854,167
formspree,8.487341772,1.217391304,2.025316456,1.086956522,0.053462073,0.01031746,158,23,20,5,573,9
freqtrade,41.1320132,3.543046358,4.696369637,1.642384106,0.026341687,0.046299801,303,151,217,37,7645,295
full-stack-fastapi-postgresql,3.149659864,2.64893617,1.585034014,1.882978723,0.043298855,0.045901788,147,94,16,16,101,40
gajim,13.88693467,2.899328859,2.40201005,1.402684564,0.030933894,0.029062796,398,149,63,15,2139,242
gallery-dl,30.24528302,10.60106383,1.570754717,1.569148936,0.039160402,0.043766661,212,188,50,47,3099,1111
Games,2.359430605,1,1,1,null,null,281,1,1,1,131,1
GamestonkTerminal,2.547406082,1.776160146,1.373881932,1.247497725,0.075073879,0.038970938,1118,1099,52,24,857,212
gensim,11.57052632,6.509433962,5.282105263,4.41745283,0.025105759,0.021210939,475,424,349,242,2324,769
geopy,25.59813084,3.271604938,4.822429907,2.24691358,0.043482081,0.043379945,107,81,116,47,907,99
ggpy,3.463414634,1.25,1.47804878,1.25,0.05752665,0.25,205,4,17,2,205,2
gitsome,3.022277228,2.727272727,1.108910891,1.954545455,0.102144992,0.07513136,404,22,29,18,786,45
gixy,2.208092486,1.264705882,1.190751445,1,0.031367378,null,173,34,18,1,110,9
glance,19.50519031,7.75,2.529411765,1.3125,0.031631542,0.027055565,289,128,67,10,2005,382
glances,19.76298701,6.797546012,2.665584416,1.27607362,0.026757035,0.016725834,308,163,108,15,2387,494
gluon-cv,3.69373073,3.63130793,1.861253854,1.83831102,0.009626104,0.009697474,973,971,116,112,739,699
gmvault,18.81395349,1.6,1.755813953,1,0.068388932,0,86,5,19,3,959,6
Gooey,5.387640449,2.777777778,2.601123596,1.462962963,0.043581906,0.045314207,178,54,94,15,505,69
google-api-python-client,10.20928571,9.478979344,3.694761905,3.319562576,0.046084933,0.04983631,4200,4115,160,102,803,417
gpodder,31.6300578,2.16,4.075144509,1.552,0.027905501,0.032447763,173,125,128,14,2063,94
gradio,25.61290323,2.818181818,2.419354839,1.272727273,0.095559275,0.091302849,155,22,26,5,1554,16
gramps,18.96694796,2.636929461,4.876230661,1.580912863,0.01058148,0.030650562,1422,482,172,51,11390,655
graphene,12.95906433,3.357142857,4.34502924,2.664285714,0.029217345,0.034872173,171,140,138,66,865,155
graphene-django,7.614213198,4.604316547,4.558375635,3.539568345,0.028291306,0.027249301,197,139,178,97,624,220
great_expectations,9.757111597,5.147058824,3.396061269,2.900928793,0.016312817,0.015420431,1371,1292,200,162,4255,1102
guake,10.69152542,3.695035461,2.989830508,1.531914894,0.033477734,0.050319352,295,141,192,29,1024,119
gunicorn,13.08713693,6.490196078,4.883817427,3.382352941,0.040295291,0.034285415,241,102,299,88,1819,354
gym,10.43030303,7.316455696,6.575757576,5.569620253,0.026329694,0.025355132,165,158,232,209,821,467
h4cker,11.97382199,1,1.120418848,1,0.00818334,null,191,1,11,1,2217,1
haipproxy,3.87755102,1.5,1.306122449,1.5,0.185932945,0.5,49,2,8,2,108,2
HanLP,2.591254753,Null,1.015209125,null,0.001027617,null,526,0,6,0,419,0
haxor-news,9.701754386,3.787878788,1.263157895,1.272727273,0.058421053,0.089098502,57,33,11,8,441,97
healthchecks,9.307792208,3.520467836,1.379220779,1.032163743,0.041724568,0.003230982,770,342,63,5,1660,205
home-assistant,10.93801653,8.847348485,4.040195342,3.827272727,0.042031785,0.041123572,2662,2640,1244,1145,11374,8053
horizon,10.58373383,4.331720802,4.288724584,3.427090532,0.008673325,0.008642801,2705,1447,709,455,5749,2179
horovod,7.227160494,7.21039604,3.350617284,3.356435644,0.024875395,0.025308011,405,404,117,116,805,800
httpie,11.55414013,4.860927152,2.286624204,1.867549669,0.049768563,0.035835344,157,151,66,34,755,214
httpx,22.04347826,20.07777778,6.326086957,6.322222222,0.037885948,0.039838978,92,90,129,124,811,653
huey,13.58888889,4.342105263,2.055555556,1.210526316,0.063126207,0.057881189,90,38,57,7,656,99
hug,15.72631579,2.216216216,3.694736842,1.72972973,0.0326061,0.040691633,190,37,115,20,1723,47
hy,29.39534884,7.393939394,7.534883721,3.757575758,0.083057125,0.071296256,129,66,147,44,1915,195
hydra,5.334677419,3.011510791,1.709677419,1.621582734,0.009411142,0.010649901,992,695,75,52,1296,429
hyperopt,14.13461538,3.892307692,4.759615385,3.123076923,0.06449105,0.058556131,104,65,93,58,791,81
hypothesis,19.56571429,2.6,4.251428571,1.577777778,0.100735101,0.039367604,525,90,189,44,4004,104
igbot,18.42857143,1.583333333,5.329192547,1.25,0.062375663,0.023324515,161,24,134,10,1597,22
ignite,10.83466667,10.53333333,5.394666667,5.333333333,0.024107997,0.023923124,375,375,145,145,1026,931
imagededup,10.84745763,2.125,2.423728814,1.625,0.136767055,0.105810884,59,24,11,7,277,19
imbalanced-learn,8.591133005,6.878947368,2.15270936,2.126315789,0.026361111,0.028684347,203,190,45,43,416,236
imgaug,21.89447236,3.473684211,1.979899497,1.285714286,0.099090022,0.067374977,199,133,34,5,2265,104
impacket,18.85616438,1.448275862,4.941780822,1.24137931,0.016878867,0.009890089,292,87,160,21,2615,54
imutils,4.541666667,1,1.916666667,1,0.052069682,null,48,1,19,1,100,1
infrastructure-puppet,7.19394773,1.018518519,1.952544704,1.018518519,0.070619208,0.001058201,1454,54,81,7,7161,10
insightface,2.333858268,1,1.173228346,1,0.05637872,null,635,1,24,1,702,1
InstaPy,44.35714286,8.08,13.11428571,4.96,0.128514818,0.136941969,70,50,291,82,2054,183
inter,6.493702771,3.552631579,1.035264484,1.184210526,0.039425517,0.024146845,397,38,12,10,776,99
invoke,20.99512195,6.246575342,1.83902439,1.082191781,0.038688309,0.075434086,205,73,47,7,2713,284
ipython,23.26483051,2.843049327,6.368644068,2.107623318,0.012996866,0.011038331,472,223,494,101,6672,406
isort,19.09677419,8.896103896,3.729032258,2.038961039,0.123962856,0.118304241,155,77,174,31,1817,293
jax,25.02414487,13.16730038,6.032193159,4.323193916,0.023576653,0.034980156,497,263,326,150,5566,1498
jieba,11.64864865,2.565217391,3.594594595,1.913043478,0.144746386,0.14681342,74,23,50,12,381,23
jsonschema,18.09322034,3.044776119,2.974576271,1.268656716,0.071154988,0.052450927,118,67,88,9,1270,94
jumpgate,4.814516129,1.130434783,2.10483871,1.086956522,0.071239129,0.033670034,124,23,21,3,200,6
jumpserver,7.703277236,3.489254109,2.539415412,1.677623262,0.030348953,0.023401072,1129,791,83,36,2909,436
kafka-python,10.36267606,5.221105528,3.482394366,2.869346734,0.051565429,0.061398589,284,199,182,113,1445,412
KaraKara,12.52112676,1,1.389671362,1,0.061594087,null,213,2,5,1,1174,1
keras,30.30909091,13.82464455,12.34545455,9.663507109,0.026283591,0.026266907,220,211,754,634,3567,1560
keras-retinanet,18.69444444,1.952380952,5.236111111,1.666666667,0.070474876,0.050684015,72,21,100,16,778,26
keras-rl,7.130434783,3.173076923,2.550724638,2.115384615,0.073350449,0.091310427,69,52,39,24,236,50
kibble,5.286486486,1.5,1.027027027,1,0.087837838,null,185,2,4,1,569,3
kinto,27.86769231,6.577272727,4.590769231,1.968181818,0.044751147,0.049231298,325,220,123,39,4352,611
kitty,32.64146868,9.501960784,2.382289417,1.407843137,0.018357734,0.006943441,463,255,162,21,6720,970
kivy,18.96078431,3.816872428,6.980392157,2.695473251,0.008831509,0.01045532,765,486,551,157,8128,870
knowledge-repo,5.008733624,2.857142857,2.510917031,1.592857143,0.035981948,0.03155129,229,140,64,40,385,116
koalas,29.67375887,28.90070922,5.241134752,5.177304965,0.111599235,0.11491307,141,141,60,58,1402,1321
kornia,10.62656642,8.142857143,5.120300752,4.553246753,0.017562958,0.016703857,399,385,124,100,1019,475
kube-hunter,5.669902913,4.46,2.72815534,2.45,0.132803914,0.093677138,103,100,59,42,235,113
labelme,11.65686275,2.375,1.921568627,2.125,0.152185648,0.280952381,102,8,49,7,747,11
label-studio,4.349292709,4.123723042,2.21218716,2.096481271,0.029338424,0.023942524,919,881,53,45,745,566
Lasagne,15.11458333,2.142857143,5.364583333,1.476190476,0.04366029,0.101212121,96,21,72,11,741,25
LaZagne,6.728033473,1.303571429,1.907949791,1.017857143,0.057380238,0.00130719,239,56,38,6,500,28
lbry-sdk,14.68235294,2.76,2.654901961,2,0.099722635,0.332200363,255,25,82,22,2374,51
lektor,4.939240506,2.468253968,2.202531646,2.047619048,0.024140932,0.021989971,395,126,88,33,728,89
libcloud,4.718388512,2.595049505,1.933386518,1.72970297,0.025158517,0.035364828,2507,1010,350,249,4838,972
librosa,32.72268908,8.353535354,2.983193277,1.636363636,0.046987389,0.029582144,119,99,82,33,2154,289
linkchecker,22.35218509,1,1.503856041,1,0.169505102,null,389,3,3,1,3809,3
livestreamer,8.487684729,3.184615385,1.729064039,1.184615385,0.028646532,0.018141125,203,65,84,10,1060,120
localstack,15.42957746,11.5655527,4.633802817,4.36503856,0.045981651,0.041080195,426,389,370,333,2177,1470
locust,26.64556962,4.436781609,6.474683544,2.528735632,0.049076503,0.039350771,158,87,200,44,2299,175
loguru,7.179591837,3.611111111,1.334693878,1.583333333,0.06407839,0.068372862,245,108,30,26,535,113
luigi,16.03384615,5.757462687,7.889230769,4.21641791,0.025737411,0.031482983,325,268,473,272,2303,644
lutris,32.02787456,5.889655172,4.519163763,1.579310345,0.021104761,0.020545211,287,145,230,40,5219,593
magenta,12.61942257,6.831932773,4.913385827,2.683473389,0.01744288,0.016633833,381,357,134,86,936,592
magic-wormhole,12.24242424,2.960784314,2.424242424,1.254901961,0.080881578,0.06156012,132,51,50,9,808,65
mailinabox,24.17307692,8.724137931,5.548076923,4.103448276,0.032679606,0.034354808,104,87,190,115,1427,425
Mailpile,11.2417962,4.444976077,2.079447323,1.392344498,0.02321122,0.015666375,579,209,155,34,3318,401
maltrail,31.97590361,4.291390728,1.595524957,1.079470199,0.037643011,0.073714158,1743,151,31,4,45346,340
manim,14.23333333,2.15625,3.02,1.90625,0.081367022,0.036159211,150,32,123,31,1400,45
maskrcnn-benchmark,2.827309237,2.562189055,2.357429719,2.208955224,0.028037211,0.027163272,249,201,87,74,203,172
material-theme,18.02173913,7.442307692,3.27173913,1.884615385,0.311057878,0.088222753,92,52,68,8,840,133
matplotlib,24.57018927,6.713441654,6.614353312,3.502215657,0.018513695,0.014168051,1268,677,732,191,15850,2098
meshroom,12.76923077,1.117647059,2.680161943,1.117647059,0.023426373,0.022222222,247,17,45,10,1843,11
metaflow,3.230994152,3.149321267,1.926900585,1.705882353,0.022968979,0.024920086,342,221,44,37,302,235
microk8s,6.261363636,5.752186589,2.599431818,2.571428571,0.026348777,0.025852963,352,343,114,110,663,583
mimesis,7.5,4.645390071,3.321428571,2.205673759,0.033484187,0.031846535,308,282,78,73,760,310
mindsdb,13.04610951,3.931034483,2.028818444,1.67816092,0.046150438,0.135340299,347,87,52,16,2081,129
mininet,20.54135338,4.226190476,3.796992481,1.761904762,0.066322817,0.033335097,133,84,76,14,1684,143
MITMf,6.977272727,1.129032258,1.397727273,1.032258065,0.17261574,0.032258065,88,31,21,2,260,17
mitmproxy,8.52184769,2.526104418,2.404494382,1.823293173,0.018859475,0.010758598,801,249,123,43,2635,257
mkdocs,11.05851064,6.641176471,4.090425532,3.017647059,0.0396616,0.041411945,188,170,175,90,903,356
mlflow,6.842732327,6.774919614,3.854646545,3.804662379,0.011908765,0.012008294,1259,1244,301,299,1907,1879
ML-From-Scratch,6.578313253,1,1.192771084,1,0.015394913,null,83,8,10,1,203,3
mlxtend,11.85100287,4.848993289,2.653295129,1.724832215,0.063665468,0.087142246,349,298,82,50,855,202
mmdetection,5.601291364,5.219531881,3.696529459,3.628732849,0.010644207,0.01056824,1239,1239,232,217,1278,1055
MMdnn,6.581300813,2.644927536,2.849593496,1.891304348,0.034920505,0.031604747,246,138,86,45,671,106
mmf,4.046831956,3.857538036,1.837465565,1.796680498,0.023569158,0.01785483,726,723,77,63,597,499
Mobile-Security-Framework-MobSF,7.124087591,3.837398374,1.591240876,1.463414634,0.076662163,0.054929113,137,123,38,27,612,186
mongoengine,35.08403361,16.5,9.789915966,4.453488372,0.081417518,0.088783207,119,86,336,94,2126,657
mongo-python-driver,10.7522604,2.353579176,2.516274864,1.428416486,0.033679279,0.027852567,1106,922,164,54,3784,306
monkey,4.120758847,1.143518519,1.63918278,1.027777778,0.029354912,0.000875662,2741,216,39,9,3447,50
mopidy,23.72427984,5.525862069,3.032921811,2.181034483,0.026884201,0.03477794,243,116,89,28,3213,317
moto,13.2956752,5.519507187,6.408649603,3.437371663,0.017199754,0.016543382,1133,974,815,390,4582,1316
moviepy,13.84951456,8.372093023,5.140776699,3.889534884,0.037344745,0.04042681,206,172,148,76,773,299
mps-youtube,21.17647059,3.944444444,3.917647059,1.722222222,0.073973873,0.080853175,85,18,101,16,1320,63
multi-v2ray,15.96226415,1.615384615,1,1,null,null,53,13,1,1,379,9
mvt,5.555555556,1.714285714,1.824074074,1.285714286,0.042233692,0.144444444,108,14,32,6,235,16
mwlib,20.35233161,2.333333333,3.295336788,1.4,0.026247793,0.050852344,193,45,32,9,2714,77
mycli,20.62352941,2.462962963,5.811764706,2.018518519,0.162185306,0.164566475,85,54,91,23,1071,43
mycroft-core,6.295663601,2.682779456,2.508541393,1.83081571,0.035132346,0.036416191,761,331,173,72,2622,353
mypaint,24.23,4.323943662,4.13,1.61971831,0.027086872,0.029605107,300,142,186,22,3583,342
mypy,11.95373226,10.10111663,4.243676743,4.065756824,0.020629493,0.019230976,1621,1612,471,436,5529,3728
nameko,24.75657895,2.971428571,3.697368421,2.085714286,0.04665036,0.032961222,152,70,53,25,1740,62
nanodet,4.614973262,1.314285714,1.593582888,1,0.039899975,0,187,35,17,3,248,19
neon,8.677804296,2.895833333,4.350835322,2.140625,0.025757544,0.017860394,419,384,96,42,791,148
netbox,17.25087108,10.01760563,2.665505226,2.258802817,0.018838458,0.015815143,861,568,161,82,5637,2321
networkx,13.08850932,5.368512111,5.119565217,2.825259516,0.008792495,0.007589509,644,578,308,154,3458,1026
newspaper,5.453634085,3.0625,1.644110276,2.8125,0.063827656,0.055658239,399,48,100,44,493,68
nginx-proxy,6.554455446,2.068181818,3.663366337,1.613636364,0.263810307,0.229208248,101,44,118,13,407,35
nlp-recipes,8.534246575,1.56,2.831050228,1.12,0.050008344,0.04037037,219,25,45,6,1106,17
nltk,30.35511983,2.357142857,6.592592593,1.55952381,0.018669737,0.011543208,459,168,292,52,5508,264
nni,3.555124224,3.493720565,2.025621118,1.997645212,0.035367733,0.023182225,1288,1274,111,99,1016,942
node-gyp,13.688,3.3125,6.096,2.45,0.080814324,0.072981158,125,80,176,39,906,111
nose,5.748218527,1.886792453,2.109263658,1.443396226,0.023511751,0.022192018,421,106,93,24,800,76
nova,13.53428864,6.012075906,5.947543501,3.790684301,0.021082104,0.025647293,3908,1739,1359,755,18926,4367
ntfy,11.53448276,4.695652174,2.724137931,1.869565217,0.152134556,0.083424706,58,23,44,14,421,57
numba,20.95421687,3.157181572,4.006024096,1.7100271,0.011499948,0.0079329,830,369,241,46,10086,720
numpy,23.33107651,6.646214099,7.513202437,4.114882507,0.011154973,0.011551696,1477,766,1206,537,15596,2015
numpy-ml,2.721518987,1.28125,1.462025316,1.21875,0.018609493,0.0238147,158,32,12,8,131,13
objection,5.25974026,2.62195122,1.327922078,1.817073171,0.059030018,0.048789986,308,82,48,38,663,98
OCRmyPDF,24.36507937,3.322580645,1.674603175,1.677419355,0.074141911,0.098672136,126,62,44,37,1683,140
OctoPrint,18.13269494,5.940568475,3.135430917,1.328165375,0.038362472,0.031458255,731,387,205,32,5090,989
ODM,14.60736196,1.962962963,2.128834356,1.481481481,0.058428414,0.08825869,163,27,68,15,1293,30
offlineimap,20.61904762,3.103448276,4.936507937,1.75862069,0.068211414,0.033095481,126,29,136,17,1494,63
OneForAll,10.56692913,1.25,1.62992126,1,0.132447895,null,127,16,17,1,529,15
onionshare,7.267973856,2.333333333,1.734204793,1.166666667,0.074570596,0.047619048,459,6,32,7,598,14
openage,5.055555556,1.411764706,2.600793651,1.301960784,0.090320792,0.041424835,1260,255,166,28,1734,57
OpenNMT-py,13.08,7.075471698,4.795,3.440251572,0.056088883,0.033651447,200,159,132,66,1154,357
oppia,9.968261965,8.569908815,4.907556675,4.768490375,0.01149626,0.010039981,3970,3948,390,345,5948,3918
optuna,24.71962617,1.325581395,6.69470405,1.174418605,0.034207088,0.022438857,321,86,148,19,4803,41
osmnx,40.29824561,2.727272727,3.789473684,2,0.109748732,0.203412698,57,11,51,5,1541,20
P4wnP1,4.526315789,1.538461538,1.305263158,1.230769231,0.074480581,0.05952381,95,13,13,9,184,17
package_control,10.05045872,1.481481481,1.440366972,1.296296296,0.110540503,0.146291463,218,27,37,9,947,18
Paddle,9.445132888,6.81237525,4.844774173,4.041084498,0.01101728,0.010130365,6133,6012,554,442,15134,9072
PaddleDetection,4.677471637,4.678571429,2.427876823,2.430194805,0.035007703,0.036354153,617,616,54,53,776,773
PaddleHub,2.602574417,1.924710425,1.430410298,1.16023166,0.023415003,0.020237402,1243,518,40,20,828,157
PaddleOCR,8.644396552,1.324200913,3.30387931,1.191780822,0.020408107,0.010324604,464,219,66,13,1703,65
pandas,24.11748381,18.14971751,8.568917669,7.746704331,0.031030703,0.025545225,1081,1062,1293,1062,9616,5591
paperless,6.37164751,2.679245283,2.298850575,1.41509434,0.047336791,0.042911749,261,53,105,18,923,83
paramiko,26.04232804,5.5,5.031746032,1.769230769,0.043169435,0.047244761,189,104,149,29,2302,383
ParlAI,4.844763424,4.121938232,2.158958001,2.033013845,0.017222684,0.016145388,1881,1878,155,146,2572,1835
PathPicker,11.375,7.523809524,2.333333333,1.238095238,0.163224407,0.102342647,48,42,45,9,270,100
pdfminer,14.49438202,1,2.719101124,1,0.0353404,null,89,8,26,1,429,7
peewee,37.4822695,12.92,2.375886525,1.093333333,0.1282406,0.139555556,141,75,136,6,3531,612
pendulum,6.009478673,1.907142857,1.672985782,1.521428571,0.027000926,0.032118381,211,140,46,39,415,68
persepolis,14.27826087,2.691176471,3.052173913,1,0.068654484,null,115,68,42,1,702,60
pgcli,29.39784946,7.268656716,8.784946237,4.805970149,0.148315256,0.163509566,93,67,145,67,1495,166
picard,25.25791855,3.702702703,3.821266968,1.648648649,0.036101956,0.047422989,442,74,69,14,4058,138
Pillow,22.14889706,2.25308642,5.459558824,1.62962963,0.026165761,0.022251906,544,162,293,43,6054,214
pip,7.709055877,3.260869565,2.936416185,2.527173913,0.018455362,0.018825758,519,184,228,104,1946,279
pipenv,7.151884701,3.349206349,1.788248337,1.375661376,0.081362024,0.078443192,902,189,221,41,3177,256
pip-tools,26.20895522,9.36,8.940298507,5.64,0.080688604,0.077412267,67,50,131,64,892,200
pipx,10.67346939,9.06122449,3.071428571,2.897959184,0.096850591,0.067874707,98,98,57,47,383,274
pitivi,17.27038627,2.897590361,3.748927039,1.927710843,0.026222446,0.041740002,466,166,243,35,4591,176
pitivi-pitivi,17.26609442,2.897590361,3.748927039,1.927710843,0.026222446,0.041740002,466,166,243,35,4590,176
plasma,7.620817844,1.363636364,1.520446097,1.090909091,0.036715813,0.017347387,269,66,18,4,371,20
platformio-core,33.88738739,11.4251497,1.608108108,1.497005988,0.033217678,0.033769966,222,167,39,31,3811,813
playwright-python,7.171806167,7.08,2.057268722,2.053333333,0.052515357,0.052678655,227,225,19,18,358,324
poetry,9.84939759,5.217910448,2.728915663,2.701492537,0.034495967,0.035322847,498,335,193,141,1376,390
PokemonGo-Bot,24.69060773,15.42944785,10.61325967,8.460122699,0.082594485,0.071771536,181,163,350,256,2220,898
poky,9.832622334,4.346521146,3.659723965,2.182810368,0.004546064,0.005309752,3985,1466,815,238,25927,4196
posthog,9.194409149,8.849297573,3.012071156,2.973180077,0.020861777,0.016714339,1574,1566,99,85,3405,3077
powerline,11.58653846,4.821276596,2.538461538,2.017021277,0.018283211,0.014797377,312,235,129,57,1752,415
powerline-shell,6.816666667,3.125,2.05,1.25,0.30734439,0.025,60,16,33,5,244,40
prefect,15.66942149,2.215246637,3.371900826,1.634529148,0.012880153,0.005846093,968,446,248,102,7216,294
pritunl,22.03709949,1.869565217,1.060708263,1,0.026034442,null,593,46,27,1,9974,54
prophet,4.87007874,3.010309278,2.354330709,2.298969072,0.042886779,0.046430367,254,97,92,65,452,127
proselint,3.086642599,1.72195122,1.915162455,1.43902439,0.063952222,0.049282492,554,205,59,30,606,91
psutil,57.55629139,22.96240602,4.271523179,3.383458647,0.059666804,0.058186269,151,133,162,117,4004,1000
ptf,4.971014493,1.8,2.597101449,1.8,0.018265805,0.380952381,345,5,127,7,959,9
pwndbg,8.385041551,3.73964497,2.592797784,2.213017751,0.028849423,0.031106872,361,338,124,101,898,409
pwntools,6.362427265,2.355531686,2.242726517,1.601503759,0.025671083,0.031010808,1203,931,170,134,2673,568
py12306,8.782608696,2.192307692,2.15942029,1,0.091590408,null,69,26,22,1,165,24
pyalgotrade,11.19020173,Null,1.089337176,null,0.005462696,null,347,0,11,0,902,0
pyAudioAnalysis,11,2,2.045454545,1.333333333,0.10394918,0.333333333,44,3,22,2,348,6
PyBoy,4.39375,2.52173913,1.91875,1.765217391,0.081627113,0.091567354,160,115,16,15,186,54
PyChecker,7.540540541,2.952380952,1.47027027,1.126984127,0.075691877,0.079647575,370,63,7,5,1281,80
pydantic,9.242331288,8.314814815,4.098159509,4.077160494,0.038586234,0.038020642,326,324,219,218,913,752
pyecharts,20.23255814,7.76,3.852713178,2.608,0.069205734,0.037026297,129,125,23,17,668,195
PyGithub,8.749134948,5.24204947,3.467128028,2.747349823,0.041687683,0.034788476,578,566,273,195,1138,542
pygments-main,10.88342697,4.170616114,2.834269663,1.625592417,0.050854999,0.023359731,712,211,399,38,3480,484
pygorithm,4.395522388,1.5,1.917910448,1.444444444,0.018072224,0.055555556,134,18,31,10,318,13
pyinstaller,8.703499079,4.561712846,3.225598527,2.158690176,0.018559593,0.017633872,1086,397,279,123,3849,1063
pyinstrument,10.44705882,2,1.552941176,1.117647059,0.118939921,0.039215686,85,17,30,3,446,17
pyjwt,12.86363636,8.327272727,4.893939394,4,0.080670075,0.07506997,66,55,92,62,423,177
pylint,6.440076702,3.964336662,2.524448706,2.141226819,0.055314538,0.067717456,1043,701,239,156,2451,838
pymc3,10.94977169,6.752212389,4.296803653,3.85840708,0.108673936,0.147741873,219,113,147,97,1443,457
PyMySQL,17.51470588,6.818181818,5.426470588,3.418181818,0.144473819,0.132812804,68,55,107,56,707,172
pyod,16.97546012,2.15625,1.82208589,1,0.014925928,null,163,32,26,1,1049,31
pyppeteer,10.44137931,1,1.365517241,1,0.075864866,0,145,5,25,2,648,4
pyprobml,3.052313883,1.493562232,2.179074447,1.345493562,0.009825963,0.004597183,497,466,37,19,603,167
pyramid,12.72638436,2.292253521,3.134636265,1.573943662,0.065779403,0.0129134,921,284,256,29,5403,176
pyro,13.1268556,12.62618084,3.327935223,3.237516869,0.010427492,0.009507128,741,741,114,110,1872,1642
pysc2,9.18018018,Null,2.405405405,null,0.057995075,null,111,0,34,0,511,0
PySimpleGUI,7.728,1,1.282,1,0.055143071,null,500,1,14,1,2644,1
pyspider,10.76315789,2.060606061,2.335526316,1.121212121,0.01576897,0.004636625,152,66,55,8,675,62
pyTelegramBotAPI,33.79545455,5.8,9.25,2.6,0.185374862,0.170617478,44,10,182,14,1047,46
pytest,20.56687898,6.706666667,6.117834395,3.546666667,0.06300312,0.048195782,314,150,364,112,3336,512
pytext,7.353049908,6.482608696,4.425138632,3.741304348,0.017257099,0.01742024,541,460,205,135,1531,1149
Python,3.910071942,3.473621103,3.092326139,2.74940048,0.006099053,0.003301585,834,834,581,492,1249,1059
pythondotorg,6.067137809,2.901234568,2.606007067,1.9218107,0.023912121,0.019810844,566,243,75,48,1287,254
python-for-android,7.161554192,2.934169279,3.347648262,2.200626959,0.02612177,0.015445378,489,319,184,53,1668,209
python-mini-projects,2.72361809,1.25,1.638190955,1,0.012490699,0,199,12,83,7,351,9
python-patterns,3.428571429,2,2.528571429,1.2,0.112417604,0.333333333,70,5,39,3,133,10
python-phonenumbers,14.50714886,1.586666667,1.076534903,1.293333333,0.101130815,0.132905256,1189,75,22,11,1212,47
python-pinyin,10.21818182,3.906976744,1.545454545,1.23255814,0.059533223,0.060099424,110,43,18,7,512,53
python-prompt-toolkit,16.08490566,1.357142857,2.311320755,1.342857143,0.043758039,0.020885037,318,70,162,28,1967,38
python-slack-sdk,5.480362538,3.100642398,1.578549849,1.336188437,0.058748723,0.038710539,662,467,99,52,720,263
python-spider,4.492307692,Null,1.230769231,null,0.0440331,null,65,0,9,0,256,0
python-telegram-bot,16.27011494,11.52250489,6.649425287,5.749510763,0.056464395,0.051573161,522,511,163,131,1602,652
python-twitter,4.383333333,1.972972973,2.070833333,1.243243243,0.235923974,0.0864632,240,37,128,10,553,40
pytorch,10.52969774,7.250367827,4.971676178,3.759686121,0.007002962,0.008192975,4731,4078,1004,689,11121,5787
pytorch_geometric,9.208121827,1.899103139,2.230964467,1.32735426,0.009471969,0.012670886,788,446,194,41,3528,103
pytorch3d,5.727984344,1.313868613,3.091976517,1.284671533,0.016273778,0.016725751,511,137,72,45,569,73
pytorch-CycleGAN-and-pix2pix,13.75362319,1,3.47826087,1,0.088220061,0,69,4,68,2,390,2
PyTorch-GAN,6.796875,1.666666667,1.96875,1.333333333,0.136223778,0.333333333,64,3,11,2,152,4
pytorch-image-models,7.920962199,1.761904762,1.525773196,1.035714286,0.027226948,0.011904762,291,84,53,3,828,39
pytorch-lightning,23.42992424,21.90719697,7.920454545,7.821969697,0.040985259,0.041176856,528,528,431,420,3809,3092
pytorch-metric-learning,11.67164179,1.409090909,1.691542289,1.068181818,0.036114221,0.067862354,201,44,21,4,599,13
PyTricks,3.5,1,2.74137931,1,0.12781505,0,58,10,53,7,124,9
pytube,30.71186441,6.145454545,4.779661017,2.872727273,0.05499349,0.057553662,59,55,69,26,878,97
pytype,17.50787402,2.21978022,3.535433071,1.835164835,0.037759594,0.035276396,508,91,70,39,3384,79
pywal,4.401253918,2.333333333,1.495297806,1.277777778,0.050150739,0.043055556,319,18,61,6,745,33
pywikibot,44.85915493,2.252336449,9.661971831,1.38317757,0.027234445,0.045480266,355,107,230,14,6543,109
pywonderland,6.152542373,Null,1.610169492,null,0.046200691,null,59,0,6,0,169,0
qqbot,16.61538462,1,1.653846154,1,0.036697883,0,52,11,22,9,340,9
QUANTAXIS,18.59567901,12.40909091,2.274691358,1.045454545,0.041497219,0.045454545,324,22,73,2,3204,163
qutebrowser,44.43663912,8.694885362,4.797520661,1.938271605,0.019347695,0.022146257,726,567,383,101,16412,1751
ranger,38.07092199,5.582089552,5.780141844,3.044776119,0.047819168,0.048401535,141,67,157,36,2632,213
rasa,21.59082031,3.807079646,5.298828125,2.522123894,0.015663594,0.011133535,1024,565,294,96,9645,419
ray,10.23809524,10.19380047,4.088472547,4.084917947,0.006084414,0.00611317,3843,3839,498,496,7401,7300
Real-Time-Voice-Cloning,5.369565217,2.65625,2.108695652,1.25,0.108096062,0.049691898,46,32,15,6,129,31
real-url,3.063063063,1.421052632,1.522522523,1,0.08416126,0,111,19,16,2,199,23
recommenders,9.644787645,2.075757576,2.455598456,1.348484848,0.104475597,0.08743799,259,66,61,12,1516,48
responder,13.17045455,3,3.420454545,2,0.083958364,0.189285714,88,7,87,8,721,19
reviewboard,7.702894593,2.1,2.296559257,1.216666667,0.018156093,0.035094235,1831,120,218,17,4470,136
rich,17.54744526,1,2.627737226,1,0.024660576,0,274,5,125,4,1774,4
roboto,4.584415584,1.5,1.409090909,1.25,0.267819341,0.108333333,154,8,10,3,352,10
RocAlphaGo,8.014285714,1.083333333,2.342857143,1,0.06982173,0,70,12,16,2,256,10
routersploit,2.110820244,1.986830553,1.082024433,1.054433714,0.123575695,0.07266933,1146,1139,45,28,282,146
rqalpha,18.02739726,1.413793103,4.150684932,1.24137931,0.033660451,0.051967039,219,29,45,11,1912,17
rtv,23.23076923,2,3.333333333,1.387096774,0.090167094,0.124201788,78,31,65,10,940,26
RxPY,7.693363844,2.441011236,2.23798627,1.699438202,0.016292282,0.028625524,437,356,60,33,850,150
sacred,18.74172185,5.664233577,5.291390728,3.313868613,0.027524057,0.030747449,151,137,97,46,1021,247
sage,12.8535735,5.378439079,4.439279489,2.981471084,0.011172215,0.013347547,3442,1781,473,252,21045,4465
sanic,14.05963303,6.424581006,5.788990826,3.502793296,0.054021776,0.051174419,218,179,218,100,1220,297
SASM,8.801886792,1.666666667,2.547169811,1,0.077524625,null,106,3,18,1,265,3
saws,15.79104478,3.666666667,1.179104478,1,0.094688893,0,67,39,8,2,812,55
scalene,14.9673913,2.1,2.445652174,1.15,0.080465447,0.15,92,20,17,2,1048,5
scapy,17.57981651,4.063291139,4.99266055,2.486075949,0.018236303,0.018532311,545,395,369,146,3359,515
scikit-image,17.47643979,4.594135802,6.492146597,3.430555556,0.009102207,0.007827866,764,648,497,222,7319,790
scikit-learn,26.41014975,15.05627706,12.94009983,9.911688312,0.007172995,0.006914103,1202,1155,1949,1554,14189,5453
scipy,14.4632613,3.569194683,5.670726916,2.817044566,0.008889381,0.008152984,2545,1279,1124,552,15727,1662
scrapy,22.26651481,4.878531073,8.767653759,3.59039548,0.013448416,0.012506869,439,354,499,143,4796,512
scylla,6.326923077,2.362318841,1.846153846,1.420289855,0.033573417,0.029610921,104,69,17,8,287,54
seaborn,18.91891892,7.063953488,3.254054054,2.005813953,0.065533239,0.046013779,185,172,146,48,1773,310
security_monkey,5.876635514,2.728070175,2.74953271,1.666666667,0.015195983,0.016369193,535,342,134,52,950,240
segmentation_models.pytorch,4.278350515,3.147727273,2.422680412,2.090909091,0.062453145,0.056757551,97,88,32,30,136,65
semantic-segmentation-pytorch,10.37931034,1,1.827586207,1,0.099415533,null,29,1,11,1,194,1
sentence-transformers,6.346303502,1.4375,1.715953307,1,0.045278828,0,257,32,61,2,753,24
sentry,9.278736687,6.917711307,3.40812829,3.114931116,0.011141853,0.008412512,8169,8057,334,211,20546,11806
seq2seq,13.00833333,1.076923077,1.283333333,1,0.054906205,null,120,13,15,1,531,2
serenata-de-amor,7.087804878,2.551724138,2.082926829,1.413793103,0.176557846,0.177404386,205,29,89,12,956,47
SerpentAI,4.441176471,1,1.12745098,1,0.064091115,null,102,1,6,1,169,1
shadowsocksr,10.98823529,2.647058824,1.576470588,1,0.039840256,null,85,17,18,1,550,24
sigma,5.87890625,1.2578125,3.610026042,1.1484375,0.005904361,0.027974662,1536,128,307,18,4203,60
skorch,10.53731343,6.869158879,3.485074627,2.981308411,0.05728746,0.069200157,134,107,45,35,584,207
sktime,6.86728972,4.838323353,2.869158879,2.538922156,0.013423695,0.014316261,535,501,116,100,879,367
SlowFast,4.66091954,1.444444444,2.505747126,1.444444444,0.036536735,0.024631029,174,36,23,12,161,17
snips-nlu,19.68421053,2.525773196,2.427631579,1.484536082,0.048741485,0.037176158,152,97,18,7,1055,42
snorkel,7.109090909,5.853658537,2.387878788,2.213414634,0.166238882,0.063068815,165,164,41,24,443,257
social-engineer-toolkit,9.19895288,1.75,2.722513089,1.5,0.061055477,0.15,191,4,73,5,687,7
sonnet,7.106951872,1.033333333,3.459893048,1.033333333,0.054289064,0.005969513,187,60,50,4,434,7
spaCy,16.31267874,6.672975815,3.748331745,2.972660358,0.02535113,0.023089029,1049,951,438,319,6892,1671
sphinx,23.71823204,9.092485549,4.18863457,2.14566474,0.013274702,0.021092507,1267,865,584,161,10790,3263
spiderfoot,20.74524715,3.83463035,4.652091255,2.054474708,0.050340234,0.029431184,526,514,40,16,2263,384
splash,17.39069767,2.522727273,2.688372093,1.340909091,0.047105264,0.016998128,215,44,61,13,1633,40
spleeter,7.254237288,Null,2.745762712,null,0.092358864,null,59,0,17,0,243,0
spotipy,12.05405405,5.298245614,6.972972973,4.035087719,0.15630684,0.195104687,74,57,143,61,417,110
spyder,8.341621084,2.103448276,2.096469418,1.620689655,0.024403271,0.023801483,2011,58,155,33,7930,86
sqlalchemy,44.33374233,14.73852573,5.645398773,3.465924896,0.011139343,0.011145952,815,719,507,194,9919,2194
sqlmap,46.06864564,11.02169625,2.209647495,1.390532544,0.035848842,0.027525746,539,507,89,40,8398,2138
statsmodels,12.05226072,3.051724138,2.914856136,1.677586207,0.009099636,0.011031451,1703,580,327,70,7787,736
stock,4.661417323,Null,1.417322835,null,0.258154425,null,127,0,8,0,243,0
Stream-Framework,5.375,1,1.991666667,1,0.044963742,0,120,2,23,2,371,2
streamlink,9.265748031,3.325842697,3.431102362,2.398876404,0.059035269,0.036788119,508,356,191,113,1788,434
streamlit,8.318416523,6.815358067,3.764199656,3.636755824,0.027195744,0.024474821,1162,1159,89,81,2113,1224
superset,8.26368396,8.133333333,3.856734888,3.844285714,0.040414917,0.036852759,2101,2100,503,488,5205,4960
supervisor,16.49193548,4.971014493,4.387096774,1.666666667,0.053982784,0.058796387,124,69,146,22,1225,185
Surprise,10.11111111,1.65,1.675925926,1.575,0.039291954,0.027776456,108,40,36,22,368,30
sympy,44.25238095,4.729551451,12.47724868,3.196569921,0.008200102,0.008675245,1890,758,1052,318,34964,1474
synapse,24.40204271,11.63539652,5.86722377,4.551257253,0.021536142,0.013965839,1077,1034,332,236,11013,2939
sync-engine,10.37640449,1.402684564,3.185393258,1.27852349,0.041363765,0.029464279,712,298,64,17,2807,59
taiga-back,13.54971857,2.630890052,3.834896811,1.560209424,0.037606537,0.033298911,1066,382,71,16,2847,235
Tautulli,7.949695122,2.359375,1.402439024,1.125,0.047875111,0.079166667,1312,64,71,5,3903,90
Telethon,16.96534653,4.905511811,2.623762376,2.866141732,0.027816661,0.027809224,202,127,108,102,1803,378
tensor2tensor,19.5037037,5.250965251,7.227777778,2.552123552,0.017535343,0.019549222,540,259,231,119,3160,508
tensorboardX,5.661971831,4.071428571,2.176056338,1.873015873,0.123088926,0.089853652,142,126,65,43,358,189
TensorFlowOnSpark,7.478873239,1.130434783,1.718309859,1.043478261,0.06967184,0.043478261,71,23,18,2,265,8
tensorlayer,17.70870871,4.821818182,5.105105105,2.305454545,0.043206437,0.044587737,333,275,98,38,2179,275
tensorpack,27.528125,5.680297398,1.775,1.773234201,0.007898168,0.007849785,320,269,55,53,2585,505
tensortrade,3.15282392,1.129032258,1.611295681,1.096774194,0.024212367,0.011333333,301,31,37,5,318,6
text_classification,4.233766234,Null,1.285714286,null,0.065422323,null,77,0,14,0,241,0
textual,11.24468085,1,1.170212766,1,0.213962279,null,94,1,16,1,259,1
tflearn,7.669172932,3.265486726,3.390977444,2.566371681,0.034745268,0.043281643,133,113,136,99,503,186
Theano,41.94961832,2.329842932,8.438167939,1.884816754,0.019486967,0.015937011,655,191,349,64,17672,188
thefuck,7.040767386,3.4,3.112709832,1.98961039,0.102405222,0.079378546,417,385,178,91,1144,456
theHarvester,20.26436782,1.928571429,4.183908046,1.785714286,0.105458824,0.185155123,87,14,72,9,1090,16
thumbor,11.3021148,2.430851064,4.290030211,1.696808511,0.032552731,0.028718525,331,188,142,43,1582,148
tianshou,10.23469388,8.836956522,3.913265306,4.027173913,0.087093615,0.085282522,196,184,30,29,268,188
tinygrad,15.95238095,5.945945946,4.357142857,3.972972973,0.09961598,0.096879377,42,37,41,33,389,103
toolz,12.60526316,2.024390244,3.671052632,1.365853659,0.046608485,0.027739644,76,41,66,16,650,46
tornado,27.30597015,8.765217391,5.47761194,2.47826087,0.036417174,0.030579126,268,115,411,52,3133,496
tpot,26.07619048,3.953846154,5.304761905,1.923076923,0.066970948,0.121754536,105,65,83,8,1440,96
tqdm,23.96296296,7.021276596,3.604938272,1.936170213,0.108711526,0.163180828,81,47,97,34,1234,225
tribler,6.75,1.545454545,2.291666667,1.272727273,0.076827381,0.088797356,456,66,36,14,1047,42
troposphere,9.194508009,4.28807947,4.535469108,3.407284768,0.0208905,0.018918878,437,302,460,337,2202,796
tushare,9.011494253,1.625,2.264367816,1.25,0.064611664,0.05,87,8,36,5,321,6
tvm,8.895899054,8.810350268,4.658044164,4.604291575,0.007382863,0.007452904,3170,3169,534,528,5227,5130
twisted,9.760447761,2.025,4.208955224,1.541666667,0.016852006,0.017436547,1340,240,175,56,4972,210
Ultra-Light-Fast-Generic-Face-Detector-1MB,2.464,Null,1.16,null,0.045701864,null,125,0,14,0,136,0
umap,15.12962963,6.666666667,3.712962963,2,0.080294865,0.26442577,108,18,94,17,1137,104
universe,2.961832061,1.511111111,1.923664122,1.266666667,0.102964259,0.067525641,131,45,23,5,179,14
urh,11.30273438,4.2,1.8046875,1.379069767,0.015343044,0.030714954,512,430,23,12,2155,279
urllib3,22.95973154,8.424778761,8.684563758,4.318584071,0.042321395,0.041994859,149,113,218,94,1813,450
virtualenv,7.294478528,6.480769231,2.588957055,2.397435897,0.029777515,0.030420455,163,156,57,57,313,224
visidata,14.31291028,4.059459459,1.93654267,1.491891892,0.022561621,0.01456441,457,185,49,15,3485,432
vision,10.15227273,9.797701149,5.477272727,5.335632184,0.021891535,0.022123587,440,435,422,405,1847,1737
volatility,11.18518519,2.785714286,3.283224401,1.275510204,0.011361352,0.022645913,459,98,63,9,2529,186
voltron,12.22857143,1,2.228571429,1,0.059869066,0,70,5,31,3,469,3
vprof,12.875,4.55,1.541666667,1.55,0.086873638,0.08,48,20,18,5,360,56
vyper,14.19444444,1.66442953,4.755050505,1.429530201,0.043169805,0.042974559,396,149,151,26,2173,78
wafw00f,7.422857143,2,1.742857143,1.8,0.059803345,0.13030303,175,10,34,11,694,18
wagtail,10.88527232,4.060757684,2.930389945,2.315225161,0.079476749,0.077594643,3103,1399,502,268,6282,1696
wal-e,9,1.307692308,2.951219512,1.307692308,0.047944838,0.036356765,123,13,76,7,578,10
walle-web,7.465753425,2.12,2.191780822,1.56,0.077895327,0.07216811,146,25,32,8,510,25
WeasyPrint,30.87628866,5.75,2.824742268,1.416666667,0.071455101,0.02848563,97,72,53,12,1714,239
websockets,7.735135135,3.495327103,1.264864865,1.121495327,0.047063596,0.050869596,185,107,33,10,543,135
wechat_jump_game,5.267857143,2.487804878,3.125,2.048780488,0.089122172,0.077285995,56,41,73,35,201,58
weibospider,9.741935484,1,1.946236559,1,0.059736793,0,93,4,19,3,559,3
werkzeug,15.30923695,3.271186441,4.341365462,2.423728814,0.035010259,0.048535602,249,59,267,66,1459,132
wfuzz,7.024509804,1.575,1.75,1.158333333,0.022590595,0.158333333,204,120,26,2,575,34
whoogle-search,13.74576271,7.93877551,2.847457627,3.040816327,0.157228419,0.171941069,59,49,56,51,348,136
wifiphisher,11.40322581,4.133333333,3.532258065,2.8,0.099738258,0.166602169,62,15,37,12,393,40
wifite2,7.467741935,3,1.338709677,1.078431373,0.058406894,0.078431373,62,51,14,2,157,38
wxpy,10.15068493,1,1.821917808,1,0.13962367,0,73,2,5,2,231,2
xadmin,6.221311475,1.292307692,2.191256831,1.046153846,0.027864672,0.003174603,366,65,51,6,648,25
xonsh,20.55492424,3.737160121,4.653409091,2.52265861,0.030450114,0.021089517,528,331,243,93,6194,364
XX-Net,3.944196429,1.990196078,1.325892857,1.245098039,0.05465061,0.019301254,896,102,59,13,894,58
yapf,36.73913043,11.90740741,7.347826087,3.981481481,0.104337797,0.118391695,69,54,127,43,908,214
yellowbrick,7.571808511,5.647540984,3.055851064,2.972677596,0.010341108,0.010634705,376,366,100,86,642,441
yolov5,23.22891566,17.96296296,4.060240964,3.827160494,0.095088893,0.092618282,83,81,140,126,1198,814
YOLOX,4.090909091,3.313131313,2.946969697,2.424242424,0.042523251,0.033987548,132,99,43,36,128,91
YouCompleteMe,27.4,6.838709677,4.866666667,2.258064516,0.252317208,0.120477196,105,31,142,20,1491,143
you-get,13.84768212,5.4375,4.198675497,1.921875,0.05142237,0.041280404,151,64,222,28,1672,288
yowsup,5.242138365,1.700854701,1.742138365,1.094017094,0.044975222,0.003328556,318,117,67,10,777,97
YYeTsBot,8.571428571,1.571428571,1.523809524,1.285714286,0.119642857,0.047619048,42,21,5,4,157,9
Zappa,7.273504274,1.964539007,2.356837607,1.560283688,0.140030351,0.161002443,468,141,240,45,1839,101
zipline,18.22335025,1.8515625,4.766497462,1.5703125,0.028114135,0.026588801,394,128,114,33,3395,96
zulip,17.18117029,4.545793001,5.616654164,3.250930752,0.010696108,0.010939106,2666,1343,521,298,20346,2110
