project,exp-min,exp-1/4,exp-2/4,exp-3/4,exp-max,exp-avg,imp-min,imp-1/4,imp-2/4,imp-3/4,imp-max,imp-avg,i/e-min,i/e-1/4,i/e-2/4,i/e-3/4,i/e-max,i/e-avg
12306,1,1,2,3,7,2.695652174,1,1,3,3.75,7,2.852941176,1,1,1.5,1.25,1,1.058349146
Agriculture_KnowledgeGraph,1,1,2,2,3,1.583333333,1,1,2,2,3,1.666666667,1,1,1,1,1,1.052631579
aiohttp,1,6,12,21.25,74,17.43181818,1,5,11,20.25,74,16.17708333,1,0.833333333,0.916666667,0.952941176,1,0.928020426
airavata-django-portal,0,0,1,2,6,1.045112782,0,1,1,2,6,1.6,NA,NA,1,1,1,1.530935252
airflow,0,2,4,7,104,6.239048811,0,2,5,9,104,8.024663677,NA,1,1.25,1.285714286,1,1.286199855
akshare,0,1,1,1,4,1.090163934,1,1,1,1,2,1.2,NA,1,1,1,0.5,1.10075188
albumentations,1,3,6,10,46,9.051282051,1,6,7.5,18.25,46,13.55555556,1,2,1.25,1.825,1,1.497639282
algo,0,0,0,0,0,0,1,1,1,1,1,1,NA,NA,NA,NA,NA,NA
algorithms,0,0,1,2,18,1.380804954,0,0.25,1,2,10,1.666666667,NA,NA,1,1,0.555555556,1.207025411
allennlp,0,1,2,7,43,4.429084381,0,1,5,9,43,6.753521127,NA,1,2.5,1.285714286,1,1.524812026
allura,0,3,5,9,34,6.900249377,0,4,6,11.25,34,8.115671642,NA,1.333333333,1.2,1.25,1,1.176141788
AlphaPose,0,1,1,2,8,1.481481481,0,1,1,2,7,1.716981132,NA,1,1,1,0.875,1.158962264
altair,1,1,2,4,10,2.465909091,0,1,1,4,6,2.216216216,0,1,0.5,1,0.6,0.89874206
androguard,0,3,4,7,37,5.230769231,0,3,5,7,37,5.807017544,NA,1,1.25,1,1,1.110165119
angr,0,1,2,3,33,2.970767357,0,1,3,5,33,3.557446809,NA,1,1.5,1.666666667,1,1.197484145
anki,0,1,1,3,18,2.62195122,1,2,3,5,18,4.024793388,NA,2,3,1.666666667,1,1.535037478
ansible,0,2,3,6,96,5.021037037,0,2,4,7,71,6.117536141,NA,1,1.333333333,1.166666667,0.739583333,1.218381003
apex,0,1,1,2,10,1.77486911,0,1,1,3,10,2.023255814,NA,1,1,1.5,1,1.139946491
apistar,1,1,1,2,6,1.666666667,1,1,1,2,6,1.923076923,1,1,1,1,1,1.153846154
apprise,0,1,1,1,8,1.32173913,0,1,1,1,8,1.25203252,NA,1,1,1,1,0.947261446
apscheduler,1,1,1,1,3,1.06122449,1,1,1,1,3,1.166666667,1,1,1,1,1,1.099358974
ArchiveBox,1,2,3,4,10,2.954545455,1,3,3,4,9,3.630434783,1,1.5,1,1,0.9,1.228762542
asm-dude,0,0,1,1,1,0.555555556,1,1,1,1,1,1,NA,NA,1,1,1,1.8
astroquery,0,2,3,6,15,4.160337553,0,2,4,7,15,4.925925926,NA,1,1.333333333,1.166666667,1,1.184020735
asyncpg,1,2,3,5.5,20,4.434782609,1,2,3,4.25,20,4.178571429,1,1,1,0.772727273,1,0.942226891
attrs,0,1,4,8.5,45,6.105263158,0,2.25,6.5,9.75,45,8.833333333,NA,2.25,1.625,1.147058824,1,1.44683908
dagster,0,1,3,6,24,4.080808081,0,2,5,8,24,5.354399009,NA,2,1.666666667,1.333333333,1,1.312092826
DAIN,0,1,1,1,3,1.142857143,0,1,1,1,1,0.962962963,NA,1,1,1,0.333333333,0.842592593
darkflow,0,0,1,2,5,1.21875,0,0,1,2,5,1.304347826,NA,NA,1,1,1,1.070234114
dash,0,1,2,4,39,3.147435897,0,1,1,3,39,2.762589928,NA,1,0.5,0.75,1,0.877727146
dask,1,6,10,17,125,13.70852018,1,7,12.5,18.25,125,15.85714286,1,1.166666667,1.25,1.073529412,1,1.156736296
datasets,0,1,3,4,17,2.989208633,0,2,3,4,17,3.532110092,NA,2,1,1,1,1.181620464
datasette,1,1,2,3,10,2.426229508,1,1,1.5,4,10,2.805555556,1,1,0.75,1.333333333,1,1.156343844
deap,0,1,2,3,8,2.533333333,0,1,1,2.5,8,2.126984127,NA,1,0.5,0.833333333,1,0.839598997
DeDRM_tools,0,1,2,3,6,2.142857143,0,1,2,3,6,2.34375,NA,1,1,1,1,1.09375
deep-learning-for-image-processing,0,1,1,1,2,0.979020979,0,1,1,1,2,1,NA,1,1,1,1,1.021428571
DeepCTR,0,1,2,2,6,1.783783784,4,4.25,4.5,4.75,5,4.5,NA,4.25,2.25,2.375,0.833333333,2.522727273
DeepFaceLab,0,1,1,2,6,1.511278195,0,1,2,2,6,1.933333333,NA,1,2,1,1,1.279270315
DeepPavlov,0,1,3,5,33,3.826366559,0,1,2.5,4.25,33,3.853448276,NA,1,0.833333333,0.85,1,1.007077659
DeepSpeed,0,1,2,4,21,2.807291667,0,1,3,5,21,3.759036145,NA,1,1.5,1.25,1,1.339025862
deis,1,2,3,5,14,4.075471698,1,3,4,5,14,4.68,1,1.5,1.333333333,1,1,1.148333333
deluge,0,1,2,4,16,3.012145749,0,2,3,4,14,3.382352941,NA,2,1.5,1,0.875,1.122904807
deoplete.nvim,0,1,1,3,12,2.697674419,1,2,3.5,9,12,5.1,NA,2,3.5,3,1,1.890517241
Detectron,0,0,1,2,11,1.463414634,0,0,1,2,11,1.638888889,NA,NA,1,1,1,1.119907407
detectron2,0,2,2,3,22,2.913875598,0,2,3,4,22,3.615384615,NA,1,1.5,1.333333333,1,1.240747758
diagrams,1,1,1,2,33,1.956097561,6,6.25,6.5,6.75,7,6.5,6,6.25,6.5,3.375,0.212121212,3.322942643
dirsearch,0,1,2,3,9,2.038793103,0,1,1,3,9,1.817204301,NA,1,0.5,1,1,0.891313738
discord.py,0,3,7,16,62,12.11650485,1,5,12,22,62,15.89041096,NA,1.666666667,1.714285714,1.375,1,1.311468212
django-allauth,0,2,2,3,42,3.354906054,0,2,3,4,42,4.361344538,NA,1,1.5,1.333333333,1,1.299990064
django-cms,1,3,6,11,70,9.539033457,2,5,8,15.75,70,12.47826087,2,1.666666667,1.333333333,1.431818182,1,1.308126334
django-crispy-forms,2,7,16,22,26,14.9047619,7,17,20,23,25,18.44444444,3.5,2.428571429,1.25,1.045454545,0.961538462,1.237486688
django-extensions,1,3,6,12,53,8.977443609,1,3,8,16,53,12.39534884,1,1,1.333333333,1.333333333,1,1.380721437
django-haystack,1,4,5,8,30,6.684210526,1,4,6,9,30,7.810810811,1,1,1.2,1.125,1,1.168546499
django-oscar,0,1,2,4,28,3.063492063,0,2,3,5,24,3.878571429,NA,2,1.5,1.25,0.857142857,1.266062176
django-rest-framework,0,4,8,13,117,12.01612903,0,6,11,17,117,14.91566265,NA,1.5,1.375,1.307692308,1,1.241303469
django-tastypie,1,3,4,6,60,5.8,1,4,6,10.25,60,9.431818182,1,1.333333333,1.5,1.708333333,1,1.626175549
DjangoBlog,0,2,3,3,5,2.682539683,1,3,3,4,5,3.205882353,NA,1.5,1,1.333333333,1,1.195092238
doccano,0,0,1,1,5,0.954545455,0,1,1,2,5,1.204081633,NA,NA,1,2,1,1.261418853
docker-py,0,2,4.5,9,118,7.734375,2,3,6,10,118,11.84444444,NA,1.5,1.333333333,1.111111111,1,1.531402918
docker-stacks,1,1.75,2,2,4,2,1,2.5,3,4,12,3.473684211,1,1.428571429,1.5,2,3,1.736842105
docutils,0,2,3,4,15,3.207253886,1,3,4,6,15,4.527027027,NA,1.5,1.333333333,1.5,1,1.411496311
dotbot,1,1,1.5,2,8,2.272727273,1,2,3,6,8,3.777777778,1,2,2,3,1,1.662222222
dowhy,1,1,2,3,9,2.534090909,1,1,3,4.75,9,3.152173913,1,1,1.5,1.583333333,1,1.243907194
dvc,0,2,5,8,41,5.902097902,0,2.25,5,9,41,6.516339869,NA,1.125,1,1.125,1,1.104071802
dymos,0,1,1,2,4,1.580487805,0,1,2,3,4,1.905882353,NA,1,2,1.5,1,1.205882353
easytrader,1,1,2,6,14,4,1,1,3,6,14,4.214285714,1,1,1.5,1,1,1.053571429
edgedb,0,2,4,5,11,3.805333333,0,3,4,6,11,4.313559322,NA,1.5,1,1.2,1,1.133556234
Eel,1,1,2,3,14,3.222222222,0,0,0,0,0,0,0,0,0,0,0,0
eht-imaging,1,2,3,4,12,3.391304348,0,1,3,4.75,12,3.574074074,0,0.5,1,1.1875,1,1.053893637
elastalert,1,2,4,27,107,18.07407407,2,5.5,27,47,107,32.27272727,2,2.75,6.75,1.740740741,1,1.785581222
elasticsearch-dsl-py,0,0,1,3.5,22,3.26984127,0,0,1.5,6,22,4.136363636,NA,NA,1.5,1.714285714,1,1.265004413
elasticsearch-py,0,1,1,1,18,2.135135135,2,2.5,4,7.75,11,5.333333333,NA,2.5,4,7.75,0.611111111,2.497890295
electrum,0,1,2,4,22,2.940944882,0,2,3,5,22,3.492146597,NA,2,1.5,1.25,1,1.187423341
emissary,0,1,2,4,17,2.926701571,0,1,3,4,17,3.462585034,NA,1,1.5,1,1,1.183101505
espnet,0,2,3,5,39,3.867862969,0,2,3,6,39,4.38071066,NA,1,1,1.2,1,1.132592001
esptool,0,2,2,4,59,4.489361702,0,2,2.5,4,59,4.75,NA,1,1.25,1,1,1.058056872
EverydayWechat,1,1,1,1,6,1.264705882,0,0,0,0,0,0,0,0,0,0,0,0
explainshell,1,1,1,2,2,1.333333333,1,1,1,2,3,1.473684211,1,1,1,1,1.5,1.105263158
fabric,1,1,2,2,4,2,1,1,2,3,4,2.1875,1,1,1,1.5,1,1.09375
facenet,0,0,1,2,10,1.818181818,0,0,1,2.75,6,1.576923077,NA,NA,1,1.375,0.6,0.867307692
faceswap,0,1,1,2,18,2.044585987,0,1,1,2,18,2.283185841,NA,1,1,1,1,1.116698371
fail2ban,1,3,4,6,12,4.472972973,1,3,5,6,11,4.905660377,1,1,1.25,1,0.916666667,1.09673374
fairseq,0,1,2,4,44,3.541341654,0,1,2,4,44,3.923963134,NA,1,1,1,1,1.108044215
faker,0,2,3,5,41,4.134790528,1,2,4,7,41,5.473282443,NA,1,1.333333333,1.4,1,1.323714564
falcon,1,2,3.5,8,53,5.835365854,1,2,5,8,53,6.76146789,1,1,1.428571429,1,1,1.158705051
fastapi,0,1,2,3,27,2.298329356,0,1.25,3,4,27,3.032520325,NA,1.25,1.5,1.333333333,1,1.3194455
FATE,0,0,1,2,7,1.107142857,0,0.75,1,2,7,1.462837838,NA,NA,1,1,1,1.321272886
faust,0,1,1,2,11,1.780068729,0,1,1,2,11,2.128865979,NA,1,1,1,1,1.195945946
featuretools,0,2,4,8,25,5.614814815,1,4,7,11,25,8.032786885,NA,2,1.75,1.375,1,1.430641464
flair,1,2,5,9.5,55,8.298507463,1,2,5,9,33,7.653061224,1,1,1,0.947368421,0.6,0.922221407
Flashlight,0,1,1,1,7,1.134980989,0,1,1,1,3,1.055172414,NA,1,1,1,0.428571429,0.929682897
flask,1,2,3,7,45,6.529411765,1,2,5,10.75,45,8.173913043,1,1,1.666666667,1.535714286,1,1.251860556
flask-admin,0,2,4,7,56,6.470588235,0,2,6,10,56,8.130434783,NA,1,1.5,1.428571429,1,1.256521739
Flask-AppBuilder,0,1,2,3,32,2.658730159,0,2,2,4,32,3.474137931,NA,2,1,1.333333333,1,1.306690685
flask-sqlalchemy,0,1,2,3,5,2.076923077,0,1,2,3,5,2.142857143,NA,1,1,1,1,1.031746032
flocker,1,2,4,6.75,18,4.661073826,1,3,4.5,8,18,5.361702128,1,1.5,1.125,1.185185185,1,1.150314783
flower,0,2,4.5,9.5,27,6.772727273,1,3,8,13,27,8.75,NA,1.5,1.777777778,1.368421053,1,1.291946309
fluo-muchos,1,1.5,3,3,4,2.428571429,1,1,1,2,3,1.666666667,1,0.666666667,0.333333333,0.666666667,0.75,0.68627451
folium,1,3,5,8,40,7.03125,1,2,5,8,40,7.636363636,1,0.666666667,1,1,1,1.086060606
formspree,1,1.75,3,5,8,3.5,1,1,4,5,7,3.625,1,0.571428571,1.333333333,1,0.875,1.035714286
freqtrade,0,1,3,5,41,4.494949495,0,2,4,6,41,5.752380952,NA,2,1.333333333,1.2,1,1.279743178
full-stack-fastapi-postgresql,0,1,2,3,6,2.441860465,2,3,3,4,6,3.4,NA,3,1.5,1.333333333,1,1.392380952
gajim,0,1,2,3,11,2.395238095,0,1,2,3,11,2.5,NA,1,1,1,1,1.043737575
gallery-dl,0,1,1,2,16,1.476683938,1,1,1,2,12,1.444444444,NA,1,1,1,0.75,0.978167641
Games,0,1,1,1,1,0.989690722,1,1,1,1,1,1,NA,1,1,1,1,1.010416667
GamestonkTerminal,0,1,1,2,15,1.595092025,1,1,2,3,6,2.434782609,NA,1,2,1.5,0.4,1.526421405
gensim,0,0,0,0,76,2.41727672,0,0,0,3,76,3.191588785,NA,NA,NA,NA,1,1.320324131
geopy,0,2,4,7,32,5.19047619,0,2,4,8,11,4.789473684,NA,1,1,1.142857143,0.34375,0.922742636
ggpy,0,1,2,2.25,9,1.798076923,0,1,2,2,9,1.944444444,NA,1,1,0.888888889,1,1.081402258
gitsome,1,1,1,1,8,1.080128205,1,1,1,1,8,1.1,1,1,1,1,1,1.018397626
gixy,1,1,1,1,2,1.14893617,1,1,1,1,2,1.230769231,1,1,1,1,1,1.071225071
glance,1,2,2,3,9,2.71,0,2,2,3,9,2.728813559,0,1,1,1,1,1.006942273
glances,1,2,2,3,12,2.895238095,0,2,2,4,12,3.042857143,0,1,1,1.333333333,1,1.050986842
gluon-cv,0,1,1,3,21,2.204007286,0,1,2,3,13,2.240112994,NA,1,2,1,0.619047619,1.016381846
gmvault,1,1,2,2,6,2,1,1,2,2,6,2.111111111,1,1,1,1,1,1.055555556
Gooey,1,1,2,3,15,2.560747664,1,1,1.5,3,9,2.444444444,1,1,0.75,1,0.6,0.95458232
google-api-python-client,1,4,4,7,46,6.723684211,1,4,8,12.5,46,12,1,1,2,1.785714286,1,1.784735812
gpodder,0,2,4,6.5,26,5.574468085,0,3,4,7,26,6.132352941,NA,1.5,1,1.076923077,1,1.100078581
gradio,1,2,3,4.75,15,4.115384615,1,2,3,3,15,3.072727273,1,1,1,0.631578947,1,0.74664401
graphene,0,3,4,6,24,4.598130841,1,3,4,7,12,5.056603774,NA,1,1,1.166666667,0.5,1.099708544
graphene-django,0,2,3,6.5,25,5.525252525,0,2.5,7,13.5,25,8.794871795,NA,1.25,2.333333333,2.076923077,1,1.591759246
great_expectations,0,2,3,5,43,4.50348675,0,2,4,7,43,5.61038961,NA,1,1.333333333,1.4,1,1.245787969
guake,2,4,6,8,23,7.107142857,2,4,6.5,8.25,23,7.6,1,1,1.083333333,1.03125,1,1.069346734
gunicorn,0,1,4,10,76,8.076923077,0,4,8,15.5,76,12.35897436,NA,4,2,1.55,1,1.53015873
gym,0,0,5,8,39,6.355263158,0,0,5,10,35,7.125,NA,NA,1,1.25,0.897435897,1.121118012
h4cker,0,0,0.5,1,1,0.5,0,0,0,0,0,0,NA,NA,0,0,0,0
haipproxy,0,0,1,1,2,0.829787234,0,1,1,1,1,0.875,NA,NA,1,1,0.5,1.054487179
HanLP,0,1,1,1,2,0.852852853,0,1,1,1,2,0.969924812,NA,1,1,1,1,1.137270994
haxor-news,0,1,1,1,4,1.2,0,1,1,2,2,1.3,NA,1,1,2,0.5,1.083333333
healthchecks,0,1,1,1,14,1.55721393,0,1,1,2,14,1.617283951,NA,1,1,2,1,1.038575317
home-assistant,0,1,2,5,75,3.914383562,0,1,2,5,75,4.11600238,NA,1,1,1,1,1.05150717
horizon,0,1,4,11,93,8.470756063,0,2,5,18,93,11.81381381,NA,2,1.25,1.636363636,1,1.394658721
horovod,0,1,2,3,32,2.611872146,0,1,2,3,16,2.720588235,NA,1,1,1,0.5,1.041623817
httpie,1,2,2,4,19,3.260273973,0,2,2,5,11,3.604651163,0,1,1,1.25,0.578947368,1.105628298
httpx,1,3,6,9,23,6.939393939,1,5,7,11,23,8.366666667,1,1.666666667,1.166666667,1.222222222,1,1.205676856
huey,1,1,1,2,11,2.341463415,1,1,1.5,3.25,11,2.892857143,1,1,1.5,1.625,1,1.235491071
hug,1,2,4,8,20,5.650793651,1,3,4,8.5,20,6.675,1,1.5,1,1.0625,1,1.18125
hy,1,6,10,15.5,44,12.4,4,12,21,27,44,21,4,2,2.1,1.741935484,1,1.693548387
hydra,0,1,2,3,10,2.235294118,0,1,2,4,10,2.638095238,NA,1,1,1.333333333,1,1.180200501
hyperopt,2,5,6,9,28,7.895833333,2,6,8,11,28,9.931034483,1,1.2,1.333333333,1.222222222,1,1.257756346
hypothesis,0,2,4,5,23,4.398860399,1,2,4,6,23,5.085271318,NA,1,1,1.2,1,1.156042897
igbot,2,4,6,12,54,9.698113208,2,3,4,6,54,6.936842105,1,0.75,0.666666667,0.5,1,0.715277493
ignite,0,3,5,9,35,6.516393443,0,3,6,10,35,7.330357143,NA,1,1.2,1.111111111,1,1.124910153
imagededup,1,1,2.5,4.75,6,2.8,1,2.5,5,5,6,3.857142857,1,2.5,2,1.052631579,1,1.37755102
imbalanced-learn,0,1,2,3,7,2.382608696,0,2,3,3.25,7,2.785714286,NA,2,1.5,1.083333333,1,1.169186653
imgaug,0,2,2,2,14,2.377358491,0,2,2,2,14,2.25984252,NA,1,1,1,1,0.950568679
impacket,1,3,4,7,23,5.28340081,1,3,4,7,23,5.62244898,1,1,1,1,1,1.064172336
imutils,1,1,1,2,7,1.931034483,1,1,1,2,5,1.666666667,1,1,1,1,0.714285714,0.863095238
infrastructure-puppet,0,1,1,1.25,5,1.425,1,1,1,2,6,1.578947368,NA,1,1,1.6,1.2,1.108033241
insightface,0,1,1,1,4,0.911157025,0,1,1,1,4,0.973282443,NA,1,1,1,1,1.068182998
InstaPy,1,3,11,19.5,126,19.85714286,2,11,19,56.5,126,35.33333333,2,3.666666667,1.727272727,2.897435897,1,1.779376499
inter,0,1,1,1,1,0.777777778,0,0,1,1,1,0.545454545,NA,0,1,1,1,0.701298701
invoke,0,1,1,3,10,2.219047619,1,1,2,4,10,3.065217391,NA,1,2,1.333333333,1,1.381321142
ipython,0,3,6,11,70,8.372693727,0,5,8.5,15.25,70,11.47058824,NA,1.666666667,1.416666667,1.386363636,1,1.369999741
isort,0,1,1,4,73,4.476190476,0,2.5,4,6.5,73,11.05263158,NA,2.5,4,1.625,1,2.469204927
jax,0,2,5,9,79,7.414035088,0,3,5,10.75,38,8.011627907,NA,1.5,1,1.194444444,0.481012658,1.080602912
jieba,2,2.5,3,4.5,27,4.483870968,2,2,3,9,27,7.714285714,1,0.8,1,2,1,1.72045221
jsonschema,1,2,2.5,9.25,21,6.083333333,1,2,7,11,21,7.733333333,1,1,2.8,1.189189189,1,1.271232877
jumpgate,0,1,2,2.75,12,1.966666667,0,1,2,3,12,2.666666667,NA,1,1,1.090909091,1,1.355932203
jumpserver,0,1,2,4,17,3.09484193,0,2,3,6,17,3.931174089,NA,2,1.5,1.5,1,1.270234208
kafka-python,0,2,3,6,59,5.157894737,1,2,4,8,59,6.756756757,NA,1,1.333333333,1.333333333,1,1.309983453
KaraKara,0,1,1,2,4,1.425,0,1,1,2,4,1.512820513,NA,1,1,1,1,1.06162843
keras,0,4,8,14,123,13.67052023,1,5,9.5,19,123,17.55319149,NA,1.25,1.1875,1.357142857,1,1.284017813
keras-retinanet,0,3,4,7,35,6.08,1,5.5,8,11.5,35,9.85,NA,1.833333333,2,1.642857143,1,1.620065789
keras-rl,0,1,2,3,14,2.804878049,0,1.75,3,5.25,14,3.833333333,NA,1.75,1.5,1.75,1,1.366666667
kibble,1,1,1,1,1,1,1,1,1,1,1,1,1,1,1,1,1,1
kinto,1,3,5,6,17,5.184713376,1,4,5,6,17,5.487603306,1,1.333333333,1,1,1,1.058419802
kitty,1,1,2,2,13,2.311764706,1,1,2,2,13,2.463414634,1,1,1,1,1,1.065599206
kivy,0,3,5,11,62,8.375,1,4,7,15.5,62,10.94560669,NA,1.333333333,1.4,1.409090909,1,1.306938113
knowledge-repo,0,2,2,4,13,3.247191011,0,2,3,5,12,3.714285714,NA,1,1.5,1.25,0.923076923,1.143845774
koalas,0,2,4,7,36,5.806451613,0,2,5,8,36,6.188405797,NA,1,1.25,1.142857143,1,1.065780998
kornia,0,3,6,8,24,6.135338346,0,3,6,9,24,6.157142857,NA,1,1,1.125,1,1.003553922
kube-hunter,1,1,2,3,7,2.491803279,1,2,3,4,7,3.052631579,1,2,1.5,1.333333333,1,1.225069252
label-studio,1,1.25,2,4,14,3.050724638,1,2,3,5,13,3.520547945,1,1.6,1.5,1.25,0.928571429,1.15400384
labelme,1,1,1,2,27,2.941176471,1,1,1.5,4,27,4.2,1,1,1.5,2,1,1.428
Lasagne,1,5,7,9,14,7.264150943,2,6,7,10,14,7.631578947,2,1.2,1,1.111111111,1,1.050580998
LaZagne,1,1,2,2,11,2.026315789,1,1,2,3,11,2.46031746,1,1,1,1.5,1,1.214182643
lbry-sdk,0,1,1,3,20,1.992063492,0,1,2,3,15,2.23699422,NA,1,2,1,0.75,1.122953274
lektor,1,3,5,7,18,5.459459459,1,4,5,8,18,6.01754386,1,1.333333333,1,1.142857143,1,1.10222338
libcloud,0,1,2,4,69,3.80952381,1,1,3,5.75,69,5.167741935,NA,1,1.5,1.4375,1,1.356532258
librosa,1,2,2,6,20,4.438596491,0,0,0,0,0,0,0,0,0,0,0,0
linkchecker,0,0,1,2,3,1.157088123,0,0,1,2,3,1.110344828,NA,NA,1,1,1,0.959602649
livestreamer,0,1,1,2,8,1.744966443,0,1,1.5,2,8,1.904255319,NA,1,1.5,1,1,1.091284779
localstack,1,1,3,7,59,6.248962656,1,2,5,14.75,59,10.30392157,1,2,1.666666667,2.107142857,1,1.648901128
locust,1,1.25,4,8.75,54,8.46969697,0,2,5,14.5,54,10.68085106,0,1.6,1.25,1.657142857,1,1.261066494
loguru,0,1,1,2,9,1.577777778,0,1,1,2,9,1.810810811,NA,1,1,1,1,1.147696993
luigi,1,3,6,12,73,8.822222222,1,4,7,17,73,12.1375,1,1.333333333,1.166666667,1.416666667,1,1.375787154
lutris,0,1,3,6,37,4.851674641,0,2,3,6,37,5.819148936,NA,2,1,1,1,1.199410382
magenta,0,4,5,6,14,5.296928328,0,4,6,7,14,5.816326531,NA,1,1.2,1.166666667,1,1.098056491
magic-wormhole,1,2,2,3,13,2.864197531,1,2,2,3.25,13,3.125,1,1,1,1.083333333,1,1.091056034
mailinabox,1,3,7,12,25,9.153846154,3,5.25,7.5,9.75,12,7.5,3,1.75,1.071428571,0.8125,0.48,0.819327731
Mailpile,0,1,2,3.75,20,3.133333333,0,2,2,4,20,3.483606557,NA,2,1,1.066666667,1,1.111789327
maltrail,0,1,1,1,9,1.413793103,1,1,1.5,2.5,4,2,NA,1,1.5,2.5,0.444444444,1.414634146
manim,0,1,2,3,16,3.023255814,0,1,2,3.75,16,3.370967742,NA,1,1,1.25,1,1.115012407
maskrcnn-benchmark,0,1,2,3,14,2.606299213,0,1,2,5,14,3.288135593,NA,1,1,1.666666667,1,1.261610938
material-theme,1,1,1,2.5,4,1.857142857,1,2,3,3.5,4,2.666666667,1,2,3,1.4,1,1.435897436
matplotlib,0,2,4,9,128,7.725728155,0,2,4,10,128,8.640264026,NA,1,1,1.111111111,1,1.118375363
meshroom,0,2,3,5,11,3.810526316,1,2,4,6,11,4.413793103,NA,1,1.333333333,1.2,1,1.15831587
metaflow,0,1,2,3,10,2.381818182,0,1,2,4,10,2.728971963,NA,1,1,1.333333333,1,1.145751587
microk8s,1,2,3,4.5,15,3.717948718,1,1.25,2,3,6,2.357142857,1,0.625,0.666666667,0.666666667,0.4,0.633990148
mimesis,0,3,5,6,9,4.591397849,0,2,5,6,9,4.491803279,NA,0.666666667,1,1,1,0.978308442
mindsdb,1,1,2,3,7,2.396449704,1,2,2,3,7,2.740740741,1,2,1,1,1,1.143667124
mininet,1,3,3,5,21,4.404761905,2,3.5,5,8,21,6.851851852,2,1.166666667,1.666666667,1.6,1,1.555555556
MITMf,0,1,1,1,3,1.220588235,0,1,1,2,3,1.342105263,NA,1,1,2,1,1.099556119
mitmproxy,0,1,2,4,14,2.820580475,0,1,2,4,10,2.675159236,NA,1,1,1,0.714285714,0.948442797
mkdocs,1,2.5,4,8,21,5.468085106,1,3.5,5,8.5,21,6.37037037,1,1.4,1.25,1.0625,1,1.165009367
ML-From-Scratch,0,1,1,1,3,1.1375,0,1,1,1,3,1.093023256,NA,1,1,1,1,0.960899566
mlflow,0,2,4,8,40,5.789227166,0,3,6,9,40,7.150214592,NA,1.5,1.5,1.125,1,1.235089657
mlxtend,1,2,2,3,14,2.785365854,1,2,2,4,14,3.714285714,1,1,1,1.333333333,1,1.333500125
mmdetection,0,2,4,7,33,5.362997658,0,2,4,8,33,6.040609137,NA,1,1,1.142857143,1,1.126349389
MMdnn,0,1,2,4,19,3.239726027,1,1,2,4,19,3.857142857,NA,1,1,1,1,1.190576865
mmf,0,1,2,3,9,2.119354839,0,1,2,3,9,2.678947368,NA,1,1,1,1,1.264039093
Mobile-Security-Framework-MobSF,0,0,1,1,4,1.038461538,0,1,1,2,4,1.470588235,NA,NA,1,2,1,1.416122004
mongo-python-driver,0,3,5,8,33,6.24852071,1,3,6,9,33,7.043478261,NA,1,1.2,1.125,1,1.12722332
mongoengine,1,2.25,3,6,109,9.445945946,1,2,3.5,9.25,109,10.28333333,1,0.888888889,1.166666667,1.541666667,1,1.088650453
monkey,0,1,2,4,11,2.716440422,0,1,3,5,11,3.282511211,NA,1,1.5,1.25,1,1.20838697
mopidy,1,2,4,5,15,4.009259259,1,3.25,5,6,15,5.193548387,1,1.625,1.25,1.2,1,1.295388512
moto,0,2,4,8,122,7.987096774,1,3,8,17.5,122,12.57142857,NA,1.5,2,2.1875,1,1.573967228
moviepy,0,4,5,9,42,7.116504854,0,4,5,8.75,42,7.364864865,NA,1,1,0.972222222,1,1.034899156
mps-youtube,0,2,3,7,31,5.697674419,2,3,5,9,17,6.590909091,NA,1.5,1.666666667,1.285714286,0.548387097,1.1567718
multi-v2ray,1,1,1,1,1,1,1,1,1,1,1,1,1,1,1,1,1,1
mvt,1,1,1,2,9,1.726027397,1,1,1,2,9,1.863636364,1,1,1,1,1,1.07972583
mwlib,1,3,4,5,9,3.97979798,2,3.25,4,5,9,4.397435897,2,1.083333333,1,1,1,1.104939477
mycli,1,2,4,6,50,5.518518519,1,4,6,11,50,8.956521739,1,2,1.5,1.833333333,1,1.622993872
mycroft-core,0,2,3,6,33,5.089552239,1,2,4,7,27,5.177570093,NA,1,1.333333333,1.166666667,0.818181818,1.017293831
mypaint,0,3,4,7,31,5.386363636,0,4,5,7,31,5.963302752,NA,1.333333333,1.25,1,1,1.107111059
mypy,0,2,5,10,97,9.927272727,0,3,6,13,97,11.54950495,NA,1.5,1.2,1.3,1,1.163411671
nameko,0,1,3,5,16,3.685185185,0,2.25,4,6,16,5,NA,2.25,1.333333333,1.2,1,1.35678392
nanodet,1,1,2,2,4,1.650943396,1,1,2,2,4,1.847826087,1,1,1,1,1,1.119254658
neon,0,2,4,7,26,5.302631579,0,3,4,7,26,5.461928934,NA,1.5,1,1,1,1.030041189
netbox,0,1,2,3,17,2.575667656,1,1,2,4,26,3.213836478,NA,1,1,1.333333333,1.529411765,1.24776831
networkx,0,3,5,8,27,6.546391753,0,3,5,8,27,6.603076923,NA,1,1,1,1,1.008658995
newspaper,1,4,7,11,24,8.863636364,1,5.5,7.5,16.25,24,10.1875,1,1.375,1.071428571,1.477272727,1,1.149358974
nginx-proxy,0,0,0,0,0,0,1,1,1,1,5,1.416666667,NA,NA,NA,NA,NA,NA
nlp-recipes,0,1,2,4,16,2.838461538,0,1,2,3.5,9,2.610169492,NA,1,1,0.875,0.5625,0.919571908
nltk,1,4,6,10,36,7.6,1,5,7,11,36,8.558510638,1,1.25,1.166666667,1.1,1,1.126119821
nni,0,0,1,2,19,1.283185841,0,0,1,2,7,1.386699507,NA,NA,1,1,0.368421053,1.080669271
node-gyp,3,5,7,11,23,8.289473684,3,4.75,9,12,23,9.7,1,0.95,1.285714286,1.090909091,1,1.17015873
nose,0,1,1,3,16,2.546341463,0,1,3,6,16,3.893617021,NA,1,3,2,1,1.52910247
nova,0,3,6,13,373,12.75890826,0,4,8,16,373,16.15646259,NA,1.333333333,1.333333333,1.230769231,1,1.266288796
ntfy,1,1.5,2,2.5,13,2.870967742,2,2,2,9,13,5.6,2,1.333333333,1,3.6,1,1.950561798
numba,0,2,3,5,31,3.992025518,0,2,4,6,20,4.486187845,NA,1,1.333333333,1.2,0.64516129,1.123787367
numpy,0,4,9,18,154,15.11241218,0,5,10,25,154,18.10175439,NA,1.25,1.111111111,1.388888889,1,1.197807086
numpy-ml,0,1,1,1,3,1.034482759,0,0.75,1,2,3,1.1,NA,0.75,1,2,1,1.063333333
objection,0,1,1,1,13,1.638888889,1,1,1,2,13,3.047619048,NA,1,1,2,1,1.859564165
OCRmyPDF,1,1,1,1,5,1.430379747,1,1,1,2,5,1.764705882,1,1,1,2,1,1.233732431
OctoPrint,1,3,4,5,35,5,1,3,4,7,35,6.084033613,1,1,1,1.4,1,1.216806723
ODM,1,1,1,2,15,1.9375,1,1,1,2,15,2.333333333,1,1,1,1,1,1.204301075
offlineimap,1,2,5,11.25,39,8.5,1,3.5,8,17.5,39,10.97142857,1,1.75,1.6,1.555555556,1,1.290756303
OneForAll,1,1,1,2,5,1.478723404,1,1,1,2,5,1.445783133,1,1,1,1,1,0.977723845
onionshare,1,2,3,3.25,7,2.958333333,1,2,3,4,7,3.113636364,1,1,1,1.230769231,1,1.052496799
openage,0,1,2,3,20,2.427884615,0,1,2,2,20,2.475806452,NA,1,1,0.666666667,1,1.019738103
OpenNMT-py,1,3,5,9,34,6.67961165,0,3,6,9.25,21,7.016666667,0,1,1.2,1.027777778,0.617647059,1.050460271
oppia,0,3,8,15,85,10.95503876,0,4,11,21,72,14.65671642,NA,1.333333333,1.375,1.4,0.847058824,1.337897267
optuna,0,3,6,10,25,7.310043668,0,3,7,11,22,7.683098592,NA,1,1.166666667,1.1,0.88,1.0510332
osmnx,1,3.25,4,5.75,21,5.884615385,0,0,0,0,0,0,0,0,0,0,0,0
P4wnP1,1,1,1,1,2,1.076923077,1,1,1,1,2,1.166666667,1,1,1,1,1,1.083333333
package_control,0,1,1,2,12,1.416243655,0,1,1,2,12,1.672131148,NA,1,1,1,1,1.180680416
Paddle,0,1,2,4,219,4.324210526,0,1,3,5,219,4.893286219,NA,1,1.5,1.25,1,1.131602217
PaddleDetection,0,0,1,3,19,2.277777778,0,1,2,3,19,2.738636364,NA,NA,2,1,1,1.20232816
PaddleHub,0,1,1,2,10,1.239856802,0,1,1,2,10,1.649193548,NA,1,1,1,1,1.330148406
PaddleOCR,0,1,2,3,17,2.822580645,0,1,2,3.25,17,3.068181818,NA,1,1,1.083333333,1,1.087012987
pandas,0,3,6,12,328,11.52023121,1,4,8,16,328,14.26059322,NA,1.333333333,1.333333333,1.333333333,1,1.237873872
paperless,0,1,2,3,13,2.816666667,1,2,2,5,13,3.756756757,NA,2,1,1.666666667,1,1.333759795
paramiko,2,6,9,14,42,10.02597403,1,6,8,14,42,10.4,0.5,1,0.888888889,1,1,1.037305699
ParlAI,0,1,2,4,48,3.093673966,0,2,3,5,27,4.171195652,NA,2,1.5,1.25,0.5625,1.348298398
PathPicker,0,1,1,1,10,1.44,1,1,1,1,10,1.785714286,NA,1,1,1,1,1.240079365
pdfminer,2,3,3.5,5,7,3.892857143,3,3,4,5,7,4.266666667,1.5,1,1.142857143,1,1,1.096024465
peewee,1,1,1,2,57,2.382716049,1,1,1,2,57,2.536231884,1,1,1,1,1,1.064428925
pendulum,0,1,1,2,7,1.771929825,0,1,1,2,7,1.855263158,NA,1,1,1,1,1.047029703
persepolis,1,3,4,7,14,4.882352941,3,4,5,7.5,14,6.217391304,3,1.333333333,1.25,1.071428571,1,1.273441592
pgcli,1,4,7,10,84,9.867924528,4,7,10,21,84,16,4,1.75,1.428571429,2.1,1,1.621414914
picard,1,3,5,8,25,6.029069767,1,3,6,9,25,7,1,1,1.2,1.125,1,1.161041466
Pillow,1,5,7,9,29,7.426966292,1,5,7,10,29,8.223602484,1,1,1,1.111111111,1,1.107262664
pip,0,1,1,3,36,2.961165049,0,1,2,6,36,4.44278607,NA,1,2,2,1,1.500350705
pip-tools,1,4,8,21.25,50,12.44444444,5,11,21,25,50,19.17647059,5,2.75,2.625,1.176470588,1,1.540966387
pipenv,0,1,1,2,61,1.472368421,0,1,1,2,61,1.843406593,NA,1,1,1,1,1.252000903
pipx,0,2,2,4,14,3.148148148,1,4,5,6,14,6.222222222,NA,2,2.5,1.5,1,1.976470588
pitivi,1,3.25,6,10,33,7.872093023,0,3,6,10,33,7.818181818,0,0.923076923,1,1,1,0.993151605
pitivi-pitivi,1,3.25,6,10,33,7.872093023,0,3,6,10,33,7.818181818,0,0.923076923,1,1,1,0.993151605
plasma,0,1,1,2,4,1.49122807,0,1,2,2,4,1.617021277,NA,1,2,1,1,1.084355444
platformio-core,0,1,1,2,5,1.532934132,1,1,1,2,4,1.530612245,NA,1,1,1,0.8,0.998485332
playwright-python,0,2,2.5,3,6,2.541666667,0,2,3,3,6,2.674418605,NA,1,1.2,1,1,1.052230271
poetry,0,2,3,6,21,4.292079208,0,2,5,8,22,5.480620155,NA,1,1.666666667,1.333333333,1.047619048,1.276914961
PokemonGo-Bot,1,3,6,12,127,11.75268817,1,3.5,8,19,127,16.12727273,1,1.166666667,1.333333333,1.583333333,1,1.372219912
poky,0,2,3,6,58,5.241784038,0,2,3,8,58,6.242811502,NA,1,1,1.333333333,1,1.190970757
posthog,0,1,3,5,22,3.747346072,1,2,4,6,19,4.653679654,NA,2,1.333333333,1.2,0.863636364,1.241860123
powerline,0,1,2,3,15,2.267973856,0,1,2,3,8,2.240963855,NA,1,1,1,0.533333333,0.988090691
powerline-shell,0,1,1,3,4,1.74,1,1,2,3,4,1.962962963,NA,1,2,1,1,1.128139634
prefect,0,2,3,6,30,4.449897751,0,2,5,8,28,5.452282158,NA,1,1.666666667,1.333333333,0.933333333,1.225260099
pritunl,0,1,1,1,4,1.087866109,0,1,1,1,3,1.101851852,NA,1,1,1,0.75,1.012856125
prophet,0,0,1,1,5,0.956521739,0,0,1,1,3,0.818181818,NA,NA,1,1,0.6,0.855371901
proselint,0,2,4,4,17,3.252688172,0,0,0,0,0,0,NA,0,0,0,0,0
psutil,1,1,2.5,5.25,38,5.458333333,1,3.25,5,12.5,38,9.333333333,1,3.25,2,2.380952381,1,1.709923664
ptf,1,2,3.5,9.25,30,8.375,0,0,0,0,0,0,0,0,0,0,0,0
pwndbg,0,2,3,5,23,4.171974522,1,3,5,6.25,23,5.7,NA,1.5,1.666666667,1.25,1,1.366259542
pwntools,0,2,3,5,26,4.765822785,1,3,5,7,26,6.271604938,NA,1.5,1.666666667,1.4,1,1.31595429
py12306,1,1,2,3,8,2.371428571,1,1,2,3.5,7,2.684210526,1,1,1,1.166666667,0.875,1.131896005
pyalgotrade,1,1,1,1,3,1.152439024,1,1,1,1,3,1.195402299,1,1,1,1,1,1.037280302
pyAudioAnalysis,1,2.75,4.5,6.25,8,4.5,0,0,0,0,0,0,0,0,0,0,0,0
PyBoy,1,1,2,4,7,2.703125,1,1.25,3,4,7,2.976190476,1,1.25,1.5,1,1,1.101018442
PyChecker,1,1,1,2,6,1.455696203,1,1,1,2,6,1.631578947,1,1,1,1,1,1.120823799
pydantic,0,1,3,10,63,7.940594059,0,1,3,11,63,8.554347826,NA,1,1,1.1,1,1.07729318
pyecharts,0,3,4,5,8,3.914285714,1,3,4,5,8,4.181818182,NA,1,1,1,1,1.068347711
PyGithub,1,2,3,8,80,6.147982063,1,2,2,6,80,6.124137931,1,1,0.666666667,0.75,1,0.996121633
pygments-main,1,2,3,4,179,5.231372549,1,2,3,4,23,4.057377049,1,1,1,1,0.12849162,0.775585568
pygorithm,0,1,1,3,6,1.807017544,0,1,1,2,6,1.894736842,NA,1,1,0.666666667,1,1.048543689
pyinstaller,0,2,3,5,42,4.387024609,1,3,4,6,31,5.953125,NA,1.5,1.333333333,1.2,0.738095238,1.356984638
pyinstrument,1,1,1,2,9,1.818181818,1,1,1,1.5,9,1.925925926,1,1,1,0.75,1,1.059259259
pyjwt,2,3.5,6,14.5,26,8.947368421,3,3.5,5,14,19,8.857142857,1.5,1,0.833333333,0.965517241,0.730769231,0.989915966
pylint,0,1,3,6,33,5.246753247,0,2,4,7,33,6.371428571,NA,2,1.333333333,1.166666667,1,1.214356436
pymc3,0,1,1,3,21,2.609022556,0,1,1,3,16,2.59375,NA,1,1,1,0.761904762,0.994146254
PyMySQL,2,3,6,7,58,7.918918919,2,5,6,7,58,9.619047619,1,1.666666667,1,1,1,1.21469202
pyod,1,1,2,2,5,1.882882883,1,1,2,2,3,1.898305085,1,1,1,1,0.6,1.008190739
pyppeteer,1,1,1.5,2,10,1.97826087,1,1,2,2,10,2.088235294,1,1,1.333333333,1,1,1.055591467
pyprobml,0,2,2,3,5,2.141566265,0,1,2,2,4,1.776699029,NA,0.5,1,0.666666667,0.8,0.829625988
pyramid,0,1,1,2,6,1.5,0,1,1,1,12,1.438679245,NA,1,1,0.5,2,0.959119497
pyro,1,2,3,4,16,3.412087912,1,2,3,4,14,3.390123457,1,1,1,1,0.875,0.993562752
pysc2,0,1,2,3,10,2.5,0,2,2,4,10,3.090909091,NA,2,1,1.333333333,1,1.236363636
PySimpleGUI,0,1,1,1,6,1.183066362,0,1,1,2,6,1.423423423,NA,1,1,2,1,1.20316448
pyspider,1,2,2,4,7,2.695652174,0,2,3,4,7,2.862068966,0,1,1.5,1,1,1.061735261
pyTelegramBotAPI,1,2,4,7,60,8.378378378,1,2,4,7,60,8.378378378,1,1,1,1,1,1
pytest,0,2,5,12,34,8.119565217,0,2,5,11,34,7.601941748,NA,1,1,0.916666667,1,0.936249854
pytext,0,2,3,7,41,5.486631016,1,2,5,11,41,7.50887574,NA,1,1.666666667,1.571428571,1,1.368576767
Python,0,2,4,6,15,4.266666667,0,2,3,4,10,3.333333333,NA,1,0.75,0.666666667,0.666666667,0.78125
python-for-android,1,2,4,5,31,4.426666667,1,4,5,7,31,6.12244898,1,2,1.25,1.4,1,1.383083354
python-mini-projects,0,0,0,1,2,0.538461538,0,0,1,1.5,3,0.933333333,NA,NA,NA,1.5,1.5,1.733333333
python-patterns,0,2,2,3,6,2.5,0,2,2,3,5,2.375,NA,1,1,1,0.833333333,0.95
python-phonenumbers,1,1,1,1,6,1.115853659,1,1.75,2.5,3,6,2.5625,1,1.75,2.5,3,1,2.296448087
python-pinyin,1,1,1,1,7,1.695652174,1,1,1,1,1,1,1,1,1,1,0.142857143,0.58974359
python-prompt-toolkit,0,1,1,2,11,2.058823529,1,1,2,3,10,2.666666667,NA,1,2,1.5,0.909090909,1.295238095
python-slack-sdk,0,1,1,1,13,1.374005305,0,1,1,1,13,1.505154639,NA,1,1,1,1,1.095450384
python-spider,0,1,1,1,1,0.944444444,1,1,1,1,3,1.181818182,NA,1,1,1,3,1.251336898
python-telegram-bot,1,6,9,11,46,9.537414966,1,6.75,9.5,13,46,10.40116279,1,1.125,1.055555556,1.181818182,1,1.090564144
python-twitter,1,2,3,5,76,5.575757576,1,2,3,5,76,6.192307692,1,1,1,1,1,1.110576923
pythondotorg,1,1,3,4,14,3.3,1,3,4,5,13,4.181818182,1,3,1.333333333,1.25,0.928571429,1.267217631
pytorch,0,2,4,9,105,7.257009346,0,3,7,12,105,10.62385321,NA,1.5,1.75,1.333333333,1,1.463943714
pytorch-CycleGAN-and-pix2pix,1,2,4,6,14,4.75,1,3,5,6,14,5.12,1,1.5,1.25,1,1,1.077894737
PyTorch-GAN,1,2,2,2,3,1.880952381,1,2,2,2,3,2.022222222,1,1,1,1,1,1.075105485
pytorch-image-models,0,1,1,2,13,1.713513514,1,1,1,2,10,1.883333333,NA,1,1,1,0.769230769,1.099106204
pytorch-lightning,0,3,6,11,109,8.534351145,0,4,8,12.5,109,9.788530466,NA,1.333333333,1.333333333,1.136363636,1,1.146956611
pytorch-metric-learning,0,1,1,2,6,1.617834395,0,1,1,2,6,1.765432099,NA,1,1,1,1,1.091231652
pytorch3d,0,2,3,5,17,3.901639344,0,3,4,6,17,4.48,NA,1.5,1.333333333,1.2,1,1.148235294
pytorch_geometric,0,1,2,3,22,2.280936455,0,1,2,3,11,2.339285714,NA,1,1,1,0.5,1.025581274
PyTricks,0,0,0,0,0,0,0,0,0,0,0,0,NA,NA,NA,NA,NA,NA
pytube,1,3,5.5,8,14,6.107142857,1,3,6,8,14,6.68,1,1,1.090909091,1,1,1.09380117
pytype,0,1,2,6,21,3.710691824,0,2,3,8,21,5.023809524,NA,2,1.5,1.333333333,1,1.353874092
pywal,1,1,3,8.5,15,5.055555556,9,10.5,12,13.5,15,12,9,10.5,4,1.588235294,1,2.373626374
pywikibot,1,6,9,14,70,11.68722467,1,7,10.5,16,70,12.87128713,1,1.166666667,1.166666667,1.142857143,1,1.101312544
pywonderland,0,1,2,2,3,1.483870968,0,0,2,2,3,1.366666667,NA,0,1,1,1,0.921014493
qqbot,0,1,1,2,5,1.696969697,0,1,1,2,5,1.681818182,NA,1,1,1,1,0.991071429
QUANTAXIS,0,1,2,3,17,2.97260274,0,1,2,3,16,2.902439024,NA,1,1,1,0.941176471,0.976396538
qutebrowser,0,3,4,7,71,6.458689459,0,3,4,7,71,6.638709677,NA,1,1,1,1,1.027872561
ranger,1,3,4,7,35,6.052083333,1,3.25,5,7.75,35,7,1,1.083333333,1.25,1.107142857,1,1.156626506
rasa,0,2,6,12,43,8.471563981,0,4,9,15,43,10.77272727,NA,2,1.5,1.25,1,1.271633821
ray,0,1,2,5,79,3.986469865,0,2,3,6,79,5.141201264,NA,2,1.5,1.2,1,1.289662644
Real-Time-Voice-Cloning,0,0,1,2,5,1.433962264,0,1,2,3,5,2.045454545,NA,NA,2,1.5,1,1.426435407
real-url,1,1,1,1,2,1.073170732,1,1,1,1,3,1.19047619,1,1,1,1,1.5,1.109307359
recommenders,0,0,1,1,22,0.875862069,0,0,1,1,22,1.208333333,NA,NA,1,1,1,1.379593176
responder,0,1,2,4,30,5.368421053,0,2,3.5,11.5,30,7.583333333,NA,2,1.75,2.875,1,1.412581699
reviewboard,0,1,2,4,34,3.253355705,0,2,3,4,34,3.509950249,NA,2,1.5,1,1,1.078870731
rich,0,1,2,3,20,2.609467456,1,2,3,5,20,3.905405405,NA,2,1.5,1.666666667,1,1.496629282
roboto,1,1,2,3,4,2,1,1,2,3,4,2.111111111,1,1,1,1,1,1.055555556
RocAlphaGo,1,2,3.5,5,7,3.529411765,1,2,4,5,7,3.615384615,1,1,1.142857143,1,1,1.024358974
routersploit,0,1,1,1,10,1.074285714,1,1,1,2,10,1.884615385,NA,1,1,2,1,1.754296236
rqalpha,0,2,4,7,13,4.634146341,1,3,4,7,11,4.922077922,NA,1.5,1,1,0.846153846,1.062132604
rtv,1,1,2,4,25,4.042553191,1,1,2,4,25,4.114285714,1,1,1,1,1,1.017744361
RxPY,0,1,2,3,11,2.183622829,0,1,2,3,6,2.297752809,NA,1,1,1,0.545454545,1.052266343
sacred,0,3,5,8,17,6.03125,0,3.5,5,9,17,6.549019608,NA,1.166666667,1,1.125,1,1.085847811
sage,0,2,5,10,110,8.393897365,0,4,8,15,69,11.1237785,NA,2,1.6,1.5,0.627272727,1.325222125
sanic,0,2,3,11,58,7.556390977,1,2,5,13,58,9.051546392,NA,1,1.666666667,1.181818182,1,1.197866338
SASM,0,0,0,0,0,0,0,0,0,0,0,0,NA,NA,NA,NA,NA,NA
saws,1,1,1,1,2,1.212121212,1,1,1,1,2,1.222222222,1,1,1,1,1,1.008333333
scalene,1,2,3,4,9,3.266666667,1,1,2,2.75,8,2.590909091,1,0.5,0.666666667,0.6875,0.888888889,0.793135436
scapy,0,2,5,9,45,6.533557047,0,2,6,11,45,8.040462428,NA,1,1.2,1.222222222,1,1.230640885
scikit-image,0,3,5,9,44,7.250474383,0,4,7,12,44,8.480519481,NA,1.333333333,1.4,1.333333333,1,1.169650292
scikit-learn,0,5,10,17,110,14.24968153,1,8,12,22,110,18.37004405,NA,1.6,1.2,1.294117647,1,1.28915471
scipy,0,3,8,17,147,12.71366279,0,5,10,22,147,15.61398964,NA,1.666666667,1.25,1.294117647,1,1.228126772
scrapy,0,3,7,12,57,8.437288136,0,5,9,14,34,10.01587302,NA,1.666666667,1.285714286,1.166666667,0.596491228,1.187096239
scylla,1,1,2,3,5,2.156862745,1,1.25,2,3.5,5,2.5,1,1.25,1,1.166666667,1,1.159090909
seaborn,0,2,4,10,32,7.069767442,1,1,2,5,32,5.517857143,NA,0.5,0.5,0.5,1,0.780486372
security_monkey,0,2,3,5,17,3.518218623,1,2,4,7,17,5.509433962,NA,1,1.333333333,1.4,1,1.565972599
segmentation_models.pytorch,1,1,2,3,10,2.373333333,1,2,3,4,10,3.333333333,1,2,1.5,1.333333333,1,1.404494382
semantic-segmentation-pytorch,0,0,0,0,5,0.655172414,0,0,0,1,5,1.166666667,NA,NA,NA,NA,1,1.780701754
sentence-transformers,0,1,1,2,15,1.718562874,0,1,2,2,15,1.98245614,NA,1,2,1,1,1.153554618
sentry,0,3,4,7,98,5.474345906,0,3,5,8,98,6.294250282,NA,1,1.25,1.142857143,1,1.149772117
seq2seq,1,1,1,1,2,1.085714286,1,1,1,1.75,3,1.357142857,1,1,1,1.75,1.5,1.25
serenata-de-amor,0,0,1,2,5,1.333333333,0,0,1,2.75,5,1.592592593,NA,NA,1,1.375,1,1.194444444
SerpentAI,0,1,1,1,4,1.113924051,1,1,1,1,4,1.217391304,NA,1,1,1,1,1.092885375
shadowsocksr,1,2,2,4,6,2.64,2,2.5,4,4,6,3.571428571,2,1.25,2,1,1,1.352813853
sigma,0,1,3,5,33,3.943661972,0,2,4,6.5,33,5.361702128,NA,2,1.333333333,1.3,1,1.359574468
skorch,1,1,3,7,18,4.6,1,2,3,8,18,4.974358974,1,2,1,1.142857143,1,1.081382386
sktime,0,1,2,4,23,2.816666667,0,1,3,5,11,3.704545455,NA,1,1.5,1.25,0.47826087,1.315223238
SlowFast,1,2,2,3,11,3,1,1.75,2,5,11,3.325,1,0.875,1,1.666666667,1,1.108333333
snips-nlu,1,1.25,3,3,6,2.578947368,1,2,3,4,6,3.058823529,1,1.6,1,1.333333333,1,1.18607443
snorkel,0,1,2,3,11,2.294117647,0,2,3,3,11,2.853658537,NA,2,1.5,1,1,1.243902439
social-engineer-toolkit,1,3,4,6,18,4.935483871,1,1.75,2.5,8.25,18,6,1,0.583333333,0.625,1.375,1,1.215686275
sonnet,1,2,3,4,23,3.507692308,1,3,4,5.75,8,4.227272727,1,1.5,1.333333333,1.4375,0.347826087,1.205143541
spaCy,0,2,3,5.25,57,4.41322314,0,3,5,7,57,6.37704918,NA,1.5,1.666666667,1.333333333,1,1.444986799
sphinx,1,3,6,10,61,8.154605263,1,4,7,12,61,9.539473684,1,1.333333333,1.166666667,1.2,1,1.169826543
spiderfoot,1,4,4,6,13,4.959830867,0,4,4,6,13,4.955414013,0,1,1,1,1,0.999109475
splash,0,1,2,4,15,3.4,0,1,2.5,4.25,15,3.96875,NA,1,1.25,1.0625,1,1.167279412
spleeter,1,3,4,5,8,3.923076923,2,3,4.5,5.75,8,4.4,2,1,1.125,1.15,1,1.121568627
spotipy,1,3,4,6,76,6.964912281,1,3,4,6,76,6.50877193,1,1,1,1,1,0.934508816
spyder,0,1,2,5,42,4.045,0,2,3,6,42,4.818414322,NA,2,1.5,1.2,1,1.191202552
sqlalchemy,0,2,4,7,71,6.229508197,0,3,4.5,8,71,6.82,NA,1.5,1.125,1.142857143,1,1.094789474
sqlmap,1,1,2,3,13,2.286396181,1,1,3,4,13,3.058064516,1,1,1.5,1.333333333,1,1.337504209
statsmodels,0,2,3,4,32,3.581818182,1,2,3,5,32,4.098546042,NA,1,1,1.25,1,1.144264123
stock,0,1,2,3,3,1.75,0,2,2.5,3,3,2.2,NA,2,1.25,1,1,1.257142857
Stream-Framework,0,1,2,2,7,1.865853659,0,1,2,3,6,2.285714286,NA,1,1,1.5,0.857142857,1.225023343
streamlink,0,2,3,4,26,3.242152466,0,3,4,6,26,4.259259259,NA,1.5,1.333333333,1.5,1,1.313713437
streamlit,0,1,3,5,31,4.239554318,1,2,4,8.75,31,5.692982456,NA,2,1.333333333,1.75,1,1.342825691
superset,0,1,2,5,91,4.56460177,0,1,3,6,91,6.310679612,NA,1,1.5,1.2,1,1.382525778
supervisor,1,3,4,8.75,41,6.333333333,0,3,4,9,41,6.804347826,0,1,1,1.028571429,1,1.074370709
Surprise,0,1,1,2,6,1.810344828,0,1,2,3,6,2.296296296,NA,1,2,1.5,1,1.268430335
sympy,0,5,10,19,138,15.09717186,1,8,13,24.5,138,19.80129032,NA,1.6,1.3,1.289473684,1,1.311589383
synapse,0,3,6,10,36,7.166429587,0,3,7,10,36,7.808795411,NA,1,1.166666667,1,1,1.089635406
sync-engine,0,1,2,5,20,3.944186047,1,1,3,7,20,4.690909091,NA,1,1.5,1.4,1,1.18932247
taiga-back,0,3,5,6,16,4.959930314,1,4,5,7,16,5.53024911,NA,1.333333333,1,1.166666667,1,1.114985244
Tautulli,0,1,1,1,23,1.348156182,0,1,1,2,23,1.52811245,NA,1,1,2,1,1.133483249
Telethon,0,1,2,3,19,3.061538462,0,1,2,4,19,3.535714286,NA,1,1,1.333333333,1,1.154881551
tensor2tensor,2,5,7,9,48,8.08411215,2,6,8,11,48,9.95505618,1,1.2,1.142857143,1.222222222,1,1.231434695
tensorboardX,0,1,2,2,33,2.828125,0,1,2,2,33,3.333333333,NA,1,1,1,1,1.178637201
TensorFlowOnSpark,0,1,1,2,5,1.617647059,0,1,1,1.5,5,1.555555556,NA,1,1,0.75,1,0.961616162
tensorlayer,0,2,5,8,29,5.770334928,0,3,4,6,23,5.229166667,NA,1.5,0.8,0.75,0.793103448,0.906215451
tensorpack,0,1,2,2,6,1.918803419,1,1,2,3,6,2.060606061,NA,1,1,1.5,1,1.0739016
tensortrade,0,1,1,2,7,1.513888889,0,1,1,2,7,1.516483516,NA,1,1,1,1,1.001713882
textual,0,1,1,1,3,1.081081081,1,1,1,1,2,1.1,NA,1,1,1,0.666666667,1.0175
text_classification,0,0,1,1,4,0.911764706,0,0.75,1,1,4,1,NA,NA,1,1,1,1.096774194
tflearn,1,1,2,4,21,3.806451613,1,2,4,5.75,21,5.588235294,1,2,2,1.4375,1,1.468095713
Theano,0,5,8,15,90,11.90517241,1,6,11,17.25,90,13.875,NA,1.2,1.375,1.15,1,1.165459812
thefuck,0,1,2,4,23,2.908396947,0,2,3,4,23,3.319277108,NA,2,1.5,1,1,1.141273756
theHarvester,0,1,4,5,30,4.163934426,1,2,5,7.5,24,6.636363636,NA,2,1.25,1.5,0.8,1.593772369
thumbor,0,2,4,6,38,5.630057803,1,3,4,8,34,6.634408602,NA,1.5,1,1.333333333,0.894736842,1.17839085
tianshou,1,3,4,6,13,4.696,1,3,4,6,13,4.961538462,1,1,1,1,1,1.056545669
tinygrad,0,1,2,5,18,3.738095238,0,1,3.5,5.25,18,4.027777778,NA,1,1.75,1.05,1,1.077494692
toolz,1,2.5,4,6.5,16,4.967741935,1,2.75,5,10,15,6.375,1,1.1,1.25,1.538461538,0.9375,1.283279221
tornado,0,4,9,15.5,96,12.35164835,0,4,12,25,96,16.48888889,NA,1,1.333333333,1.612903226,1,1.334954527
tpot,1,2,4,6.75,39,6.380952381,1,3,5,12,39,8.866666667,1,1.5,1.25,1.777777778,1,1.389552239
tqdm,0,2,2,4,38,3.689655172,1,2,2,4,13,3.375,NA,1,1,1,0.342105263,0.914719626
tribler,0,0,1,3,11,1.91005291,0,1,1,3,10,2.047101449,NA,NA,1,1,0.909090909,1.071751174
troposphere,1,2,3,5.75,68,5.520408163,3,4,9,22,55,16.54545455,3,2,3,3.826086957,0.808823529,2.997143337
tushare,1,1,2,3,12,2.62,1,1,2,4,11,3.428571429,1,1,1,1.333333333,0.916666667,1.308615049
tvm,0,2,3,6,64,5.174236783,0,2,4,7,64,6.147727273,NA,1,1.333333333,1.166666667,1,1.188141852
twisted,0,3,4,6,22,4.690380762,0,3,5,7,22,5.267983075,NA,1,1.25,1.166666667,1,1.123146146
Ultra-Light-Fast-Generic-Face-Detector-1MB,1,1,1,1,2,1.018518519,1,1,1,1,1,1,1,1,1,1,0.5,0.981818182
umap,1,4,7,9,42,8.294117647,2,3.25,4.5,5.75,7,4.5,2,0.8125,0.642857143,0.638888889,0.166666667,0.542553191
universe,0,1,1,2,8,1.71,0,1,2,2,7,1.980392157,NA,1,2,1,0.875,1.158124068
urh,0,1,2,2,7,1.970588235,1,1,2,3,7,2.034351145,NA,1,1,1.5,1,1.032357297
urllib3,1,7.25,11,19.75,47,14.37878788,5,9,16,27,47,18.8974359,5,1.24137931,1.454545455,1.367088608,1,1.314257923
virtualenv,0,1,2,3,11,2.540983607,0,1.75,3,4,11,2.833333333,NA,1.75,1.5,1.333333333,1,1.115053763
visidata,0,2,3,4,10,2.952830189,0,2,3,4,10,2.926605505,NA,1,1,1,1,0.991118797
vision,1,3,6,10,56,8.378640777,1,4,8,13.5,56,11.20689655,1,1.333333333,1.333333333,1.35,1,1.33755544
volatility,1,2,4,5,9,3.830860534,1,3,4,5,9,3.97810219,1,1.5,1,1,1,1.038435661
voltron,1,1,2,2,9,2.306122449,1,1,2,3.75,9,2.676470588,1,1,1,1.875,1,1.160593441
vprof,1,1,1,2,5,2,0,0,0,0,0,0,0,0,0,0,0,0
vyper,0,2,3,6,18,4.099173554,0,2,2,5,16,3.79245283,NA,1,0.666666667,0.833333333,0.888888889,0.925174985
wafw00f,2,2,6,8,13,6.2,1,1,1,2,13,1.573248408,0.5,0.5,0.166666667,0.25,1,0.253749743
wagtail,0,2,3,5,43,4.20729927,0,2,4,7,34,5.032581454,NA,1,1.333333333,1.4,0.790697674,1.196154856
wal-e,1,1,2,3,16,2.779816514,1,1,3,4,16,3.350877193,1,1,1.5,1.333333333,1,1.205431069
walle-web,0,2,3,3,10,2.756756757,1,2,3,4,10,3.090909091,NA,1,1,1.333333333,1,1.121212121
WeasyPrint,0,0,1,2,22,2.259259259,0,1,1,4,22,2.850746269,NA,NA,1,2,1,1.261805725
websockets,0,1,1,1,5,1.293103448,0,1,1,1,5,1.315789474,NA,1,1,1,1,1.01754386
wechat_jump_game,1,1,1,3.5,30,4.066666667,1,1,1,1,1,1,1,1,1,0.285714286,0.033333333,0.245901639
weibospider,1,1,1,3,7,2.041666667,1,1.5,3,4,6,2.947368421,1,1.5,3,1.333333333,0.857142857,1.443609023
werkzeug,1,2,4,5,33,5.483606557,1,3,5,10,33,7.947368421,1,1.5,1.25,2,1,1.449295885
wfuzz,0,2,2,2,4,2.009259259,1,2,2,2,4,2.0625,NA,1,1,1,1,1.026497696
whoogle-search,1,1,2,3.5,6,2.533333333,2,2.25,3.5,4.75,6,3.666666667,2,2.25,1.75,1.357142857,1,1.447368421
wifiphisher,1,3.75,4,6.25,19,5.428571429,2,4,5.5,7,19,6.111111111,2,1.066666667,1.375,1.12,1,1.125730994
wifite2,1,1,1,1,4,1.333333333,1,1,1,1,3,1.25,1,1,1,1,0.75,0.9375
wxpy,1,2,2,3,4,2.263157895,1,1,2,3,4,2.115384615,1,0.5,1,1,1,0.93470483
xadmin,1,3,5,8,13,5.515625,1,4,6,9.25,13,6.409090909,1,1.333333333,1.2,1.15625,1,1.161988153
xonsh,0,2,5,10,70,8.004651163,0,3,7,13.25,70,10.0078125,NA,1.5,1.4,1.325,1,1.250249673
yapf,1,2,5,9,36,7.468085106,2,5,8,15,36,11.35714286,2,2.5,1.6,1.666666667,1,1.520757021
yellowbrick,1,2,3,5,14,3.705882353,1,3,4,6,14,4.211538462,1,1.5,1.333333333,1.2,1,1.136446886
yolov5,1,3,4.5,11.25,41,9.791666667,2,3,7,12.5,41,11,2,1,1.555555556,1.111111111,1,1.123404255
YOLOX,0,2,3,4,9,3.171052632,1,3,4,6,9,4.677419355,NA,1.5,1.333333333,1.5,1,1.475036809
you-get,0,1,2,4,60,4.666666667,0,2,5,8,60,9.869565217,NA,2,2.5,2,1,2.114906832
YouCompleteMe,1,3,4,5,18,4.622222222,2,3,5,6,18,5.789473684,2,1,1.25,1.2,1,1.252530364
yowsup,0,1,1,2,14,1.548961424,0,1,1,2,10,1.768421053,NA,1,1,1,0.714285714,1.141681791
YYeTsBot,0,1,2,2,2,1.4,0,0,1,1.75,2,0.857142857,NA,0,0.5,0.875,1,0.612244898
Zappa,1,9,11,21.5,105,22.73684211,2,11,15,64.5,105,39,2,1.222222222,1.363636364,3,1,1.715277778
zipline,0,2,4,7,34,5.483018868,1,3,5,9,34,6.869047619,NA,1.5,1.25,1.285714286,1,1.252785698
bitbake,0,1,2,3,9,2.567567568,0,2,4,12,58,7.817518248,NA,2,2,4,6.444444444,3.044717633
boto,0,1.75,2,4,30,3.274509804,0,2,4,7.25,64,6.512254902,NA,1.142857143,2,1.8125,2.133333333,1.988772455
calibre,0,1,2,2,7,1.805084746,0,1,2,3,22,2.566361556,NA,1,1,1.5,3.142857143,1.421740205
cassandra-dtest,0,2.5,7,14,31,9.142857143,1,3.75,7.5,15,35,10.625,NA,1.5,1.071428571,1.071428571,1.129032258,1.162109375
celery,0,2,2,3,36,3.506329114,1,2,3,6,44,5.669683258,NA,1,1.5,2,1.222222222,1.616985478
cerbero,0,1,2,2,8,2.285714286,0,1,2,4,19,3.265822785,NA,1,1,2,2.375,1.428797468
certbot,0,1,2,6,34,4.759259259,1,2,6,10.5,42,8.436619718,NA,2,3,1.75,1.235294118,1.77267496
ChatterBot,0,1,1,2,5,1.595744681,0,1,1,1,7,1.697674419,NA,1,1,0.5,1.4,1.063875969
cheetah,0,0,1,2,5,1.121212121,0,1,1,2,5,1.619047619,NA,NA,1,1,1,1.444015444
cherrypy,1,2,3,3,9,3.272727273,2,5,7,12,20,8.703703704,2,2.5,2.333333333,4,2.222222222,2.659465021
cobbler,0,1,1,5,10,2.914285714,1,5,9,17.5,60,13.17910448,NA,5,9,3.5,6,4.522241733
codespeed,1,1,2,2,6,2.428571429,0,2,3,3.75,13,3.642857143,0,2,1.5,1.875,2.166666667,1.5
django,0,2,3,6,51,4.872020075,0,4,8,18,120,13.26115859,NA,2,2.666666667,3,2.352941176,2.721901468
gramps,0,3,3,4,17,3.491315136,0,4,5,8,25,6.087336245,NA,1.333333333,1.666666667,2,1.470588235,1.743565392
XX-Net,0,1,1,1,5,0.865753425,0,0,1,1,8,0.862445415,NA,0,1,1,1.6,0.996179039
zulip,0,3,5,8,94,6.670623145,0,4,8,15,118,12.76567657,NA,1.333333333,1.6,1.875,1.255319149,1.913715749
