"FileName","Churn","IssueId","CommitId"
"config/serverchanConf.py","36","","7a4b56ba91e5b0630ff5264ec68156b12cdd514f"
"yixing/.idea/modules.xml","8","","e9a532fc2258542c11ecfa88a4e0d6cfb2d7e2e1"
"yixing/myException/ticketIsExitsException.py","2","","54887b6755682a4fc13ca4ec49560047c8b168e0"
"12306login/.idea/dictionaries/wenxianping.xml","3","","5cd50a7fe0df08495fc29901bcb3d7681ec78e83"
"yixing/run.py","2","","551bbfc003a02f0a1a9671198368868c782b90fc"
"","2","","f3a0135d939907941c29b4c634b20e2c34f014d2"
"","2","","54887b6755682a4fc13ca4ec49560047c8b168e0"
".idea/misc.xml","7","","986db2386c577fbcd31b596bc634701d325a4642"
"","2","","c27f3c57c3eef6227cf78a08e2cc45015e3f48f2"
"","7","","c7ca1507325939830c320cd7c25d9f127f69857c"
"","2","","54887b6755682a4fc13ca4ec49560047c8b168e0"
"","4","","020500ca124475590e6e89657b595e60d257e9ac"
"12306login/.idea/workspace.xml","291","","072bca48c2f7936f3e20f38abd939d02fea00a0b"
"","119","","8d8b5ab1fbabddbcf34ade76a70bb5454a36130b"
"","181","","c43dc1bab4b9ab423837ed5f2dcbe91c9d083930"
"","129","","c59d1cf8d32e1b202f1cd1445f39c8db7b3079db"
"","928","","5cd50a7fe0df08495fc29901bcb3d7681ec78e83"
".idea/workspace.xml","14","","bd30d7e4570f33223aae11f37095025149da03e4"
"","935","","986db2386c577fbcd31b596bc634701d325a4642"
"","381","","6e78ccdb6eade427d878dd94d4e80acd5a2bb8d9"
"","487","","e736b0fd23f51046f454989ed5b34bbeac830861"
"","631","","c27f3c57c3eef6227cf78a08e2cc45015e3f48f2"
"","1042","","c7ca1507325939830c320cd7c25d9f127f69857c"
"","791","","650f0106e3e16821bf9799c7484c9c1f739f9e49"
"","350","","0db5c26040a84eeb69283ba255fe5b21f17d3290"
"","187","","004b82831dbdbd2abcca0d37b22e67d80a04e7c0"
"","629","","f0fea7cba7e213df4c7c94ddf4b3b61c3d8dc5db"
"","197","","0d4846e9baf6c82d1f7a68ddd383b2b9c69d2ff7"
"","391","","5f7b4df19b17abc9897c473a05b500be74e4253d"
"","25","","6ffdaa00481e8e3cfb04e8f9d73436a91f5589af"
"","90","","4febb67ac2a8b1d0305fb812097aee0a265b77e8"
"","184","","b84c5faf8f6928a2e8d2aff0ee12d3cc4d5916a8"
"","339","","bd5bebac3aa61731e39c35d3f538734a6a797370"
"","295","","6a07fd4739e58ee1b21c30e6bb5625e037d8a935"
"","45","","339c22b5e2fc9d04525aaa5ad76e865634082cd9"
"","429","","488fd0186438095719b06ac514c8a15bdecadf6a"
"","23","","264351d7276d26429bde2d2862fc886f8616739b"
"","183","","977af7fd662bbf0b191fbef8724263a831a2fd7f"
"","286","","e5b16fe778cca2e4535a01a91d5093fadfc659e5"
"","234","","fecc657d35dcc04f9e52adc582f25f04b7cda30d"
"","390","","982ede537398a1c89786825c590a1ed2e680a557"
"","44","","ea32a545118f4ce974431790428f5e485c1b5ce4"
"","113","","e4e42718cc9a972849f40af6fdba919e56fda80e"
"","293","","42704fe911ec77d9627ae8ba65ba02399455f05a"
"","153","","9d82578d3a46394c39933215ba2068a1ce66f02a"
"","66","","652cebfd5729a793a4b4ec72819a86f98e1feac5"
"","829","","54887b6755682a4fc13ca4ec49560047c8b168e0"
"","506","","c00aa9693558193fb9798dc044373f3dc44b29ee"
"","516","","020500ca124475590e6e89657b595e60d257e9ac"
"yixing/test.py","107","","54887b6755682a4fc13ca4ec49560047c8b168e0"
"","20","","c00aa9693558193fb9798dc044373f3dc44b29ee"
"verify/ruokuai.py","78","","499f0fbda7e86a0f5433ea0fc51a1285e315f4d7"
"","0","","bd30d7e4570f33223aae11f37095025149da03e4"
"12306login/damatuCode/__init__.py","0","","5cd50a7fe0df08495fc29901bcb3d7681ec78e83"
"docker.sh","37","","93c6db471ce520f383bd854a971d76386911a896"
"","6","","a699ff49c99a207fa52df6658ed4dddfc688f6b3"
"","11","","fe1ea37a7eb5646e54a77cdee711abf0b5da4da7"
"","32","","8c2686273232f30a6206644c2a8a531ff48cb211"
"yixing/config/ticketConf.py","32","","54887b6755682a4fc13ca4ec49560047c8b168e0"
"config/urlConf.py","104","","9d70f8352d024daba2e364bbef7ba72963090440"
"","8","","960c9a01e7aa43f016a8d9dcf58cfaeed271e752"
"","6","","78693cdd14f688c1af7e2e921e81c216517f42fc"
"","2","","b2f9ce65f199b33f4441ce8d2e33101336cc080e"
"","2","","e12a3f3897b661eab75cf698c1112c9250692efd"
"","14","","5fd9b8f8c9915e1b09eef414028886b14f431b05"
"","6","","399f9b6626110f929c2f84105950d67c488b9d40"
"","2","","e200c28a62a0dffde3f97a3d1cc0e5731573c17f"
"","2","","75da2b8c341b2948a91241b26614dda1b0fabb1c"
"","11","","dba8fe0a5394eff5477a93c148bbddaef240eb88"
"","2","","8db4252d90c85007aa545c31843934d10245ee0f"
"","4","","414c9f7d24e6a62d330179a24c8799041e302fec"
"","13","","7a4b56ba91e5b0630ff5264ec68156b12cdd514f"
"","2","","499f0fbda7e86a0f5433ea0fc51a1285e315f4d7"
"","63","","808c30208865ee23521c812057449456766b7d1a"
"","2","","bd30d7e4570f33223aae11f37095025149da03e4"
"","2","","fd2f691ce3a539c460ecbabc79f4f7af8591f43b"
"","3","","2a7c84f210e9e46a16f9ee72508d0d044af71356"
"","72","#253","ccde952432d5dd1f25f46c2ff01a8ff5ded52cf8"
"","102","","b4c6c4f85888eb3ef1eb205b087037183fd24489"
"","12","","6e78ccdb6eade427d878dd94d4e80acd5a2bb8d9"
"","32","","c68cc016e04259d2bba36d96bc74377df071e66e"
"","1","","fa85652febd8e7a58dfedee82aa6dc35aefbc238"
"","26","","0e6f2ceee2c4e588ec491202fc59a43249270158"
"","4","","2465d61554850a310732f14a006dc36e0ee9502e"
"","14","","cf2e8f8ef68db2e7b0a0f6da20e9e6de00039631"
"","4","","ce0b5cff84c433cba621601645f129332f687bc3"
"","5","","532e774f0b1d3e6bea67ccd149baadf7f5770498"
"","2","","01f728c47e212c9091c334f3ee0348653ff526dc"
"","2","","6d9708768ec4c6e3918c6c7be83287baecf351af"
"","2","","dcdf875e77f50a5cc09546419d58df90936421c3"
"","54","","29e0816711ecb92529223e17916101b9d292bdea"
"","77","","520c8a528d4c6edfc512d98fb06823b5b0ea7e99"
"","52","","bd1a0fcaa371b5321ea2d9e8091d5e2fc08aed91"
"","4","","004b82831dbdbd2abcca0d37b22e67d80a04e7c0"
"","231","","f0fea7cba7e213df4c7c94ddf4b3b61c3d8dc5db"
"","6","","235b0000c9f9bb12f7bb571419d16289e4a9e8a1"
"","1","","d7c5c7215c5db070492a25098288e2cb7620ec2f"
"","89","","aa6d628c8294ec401eeb311e29419d659ddd5f53"
"inter/GetQueueCountAsync.py","8","","39e777e7e36939241e2742ef1e0659cebae4d74a"
"","8","","808c30208865ee23521c812057449456766b7d1a"
"","2","","94e141429324c989f2b1d77dbd6dcc116dc119ed"
"","6","","c68cc016e04259d2bba36d96bc74377df071e66e"
"","18","","2465d61554850a310732f14a006dc36e0ee9502e"
"","19","","2f2d62af19ceaa78fb1295a254334759d61fbe45"
"UnitTest/__init__.py","0","","ad8066972bafdd23890cb989d89c6d4e9cad8e0f"
"config/ticket_config.yaml","142","","808c30208865ee23521c812057449456766b7d1a"
"","43","","94e141429324c989f2b1d77dbd6dcc116dc119ed"
"","4","","c4c5fe0f59c1805f5ccb12d19a475f7b175512d7"
"","2","","33322cc47289289f73b8839c8ec94b3cff99e594"
"","8","","1b42e74e35b4b8c19c721dab94a81d660e522f00"
"","16","","89ae08d130131ce06a7f4ab905b3750087783bd9"
"","25","","2f071287a49ea30ff72c446f0d13c6500c01b1d5"
"","5","","1c5ba95ff879154e9e8d75a6e54b3a02099be5a5"
"","1","","25c33e413ed95ab4778f52638fcab3e17946cff5"
"","8","","500139ae596f767ff980cc4431a8eee7f6bc6555"
"","31","","ad8066972bafdd23890cb989d89c6d4e9cad8e0f"
"","24","","cfebf48646f9cd75eb447a0ce3ed87064d7ac30d"
"","10","","43799d3b565d2a3798b2d7d618fcb6616774c44d"
"","28","","57f223126e4bc3be9f41c6b66a725ae561c12332"
"","10","","19de91af55763bda1f130c5ce1ffa4fed3ae614e"
"","52","","ce0b5cff84c433cba621601645f129332f687bc3"
"","31","","978ca34df22d9120eccc9dbfe1d2befab98c69c5"
"","21","","2f2d62af19ceaa78fb1295a254334759d61fbe45"
"","20","","7f14474fc1ee3a1aa6f689b462bfb535f0894499"
"","17","","b88834cdfc7be976ae5e1c5fab4eb57d3e3e76bf"
"","4","","a3d4fed532b8abea7d60e6ec35b0861796bd7bdd"
"","14","","4e2d9427f2a761a47b704328a154572fc9b7c32e"
"","55","","7d263baa5694aa1737b68c2a1452e37156df048b"
"","24","","f86f7b9c336d2890dbbd5936715aa3e4d91acc74"
"","30","","0db5c26040a84eeb69283ba255fe5b21f17d3290"
"","29","","bd1a0fcaa371b5321ea2d9e8091d5e2fc08aed91"
"","10","","004b82831dbdbd2abcca0d37b22e67d80a04e7c0"
"","14","","f0fea7cba7e213df4c7c94ddf4b3b61c3d8dc5db"
"","53","","b1ab0360261e7c11adcfdac2564c4a8181e93c67"
"","36","","0bdccd45266e2c0fdf459d250460d318052246c1"
"","46","","c1ce4e44692b8440ccbb577e77375e36f3f85509"
"","11","","01d54be85a733a9a5bcc91839929f347a5a3ce85"
"","17","","c28899e47a771a0607572604aace9a6967bf3911"
"","24","","133606f1701b85a55d971c220e24c94d1561edaa"
"","13","","0b3d04ace4aa0702d5dd66060478f75cfcc13438"
"","17","","b37aadfc9360a7aaaac5a0b9abe571a17ce2c4ad"
"","2","","44a41f9131b22ad44ec180f371261458afd00bd4"
"","22","","35918e1dd868f623cb4afdff798f08f0158a8f4b"
"","2","","4c2b435407a1f8f4d3d1555a5222671f3115ce52"
"","46","","5f7b4df19b17abc9897c473a05b500be74e4253d"
"","47","","fb92dbaece5ef0f9343b6ade9494e9c4191780bc"
"","4","","d8a91c1fc99e50213263a99c89affbd24802bbb2"
"","6","","bd5bebac3aa61731e39c35d3f538734a6a797370"
"","12","","6a07fd4739e58ee1b21c30e6bb5625e037d8a935"
"","10","","339c22b5e2fc9d04525aaa5ad76e865634082cd9"
"","39","","977af7fd662bbf0b191fbef8724263a831a2fd7f"
"","35","","e5b16fe778cca2e4535a01a91d5093fadfc659e5"
"","8","","0735431cd9f3f9f2f173c842daccceb918a8fcda"
"","25","","1dee0ad03362d1c8a34bb77471218aee00691c20"
"","2","","94571217cc7a5714e1074e0e07d7d48daf7a3c8e"
"","5","","e99e3609907a3381cb56ab297b433cec761525b4"
"","8","","346b8d2e988721c9258e4943338acb34a3597a62"
"12306login/.idea/misc.xml","3","","c43dc1bab4b9ab423837ed5f2dcbe91c9d083930"
"","36","","5cd50a7fe0df08495fc29901bcb3d7681ec78e83"
"docker_install_centos.sh","45","","c9bdc8cd14a016e630fafd5a83a0cab54b1e0270"
"damatuCode/ruokuai.py","0","","bd30d7e4570f33223aae11f37095025149da03e4"
"","19","#253","ccde952432d5dd1f25f46c2ff01a8ff5ded52cf8"
"","0","","85b2e48330c14419e50bca63ca2eeaa233afe522"
"","5","","c68cc016e04259d2bba36d96bc74377df071e66e"
"","2","","43799d3b565d2a3798b2d7d618fcb6616774c44d"
"","1","","75f88a4c1a0d6af8477c37921089a010864fb302"
"","2","","f0fea7cba7e213df4c7c94ddf4b3b61c3d8dc5db"
"","55","","0b3d04ace4aa0702d5dd66060478f75cfcc13438"
"inter/LiftTicketInit.py","11","","05f14860c975c67460da7b3efb59db073d7a635f"
"yixing/damatuCode/damatuWeb.py","2","","54887b6755682a4fc13ca4ec49560047c8b168e0"
"docker-compose.yml","2","","93c6db471ce520f383bd854a971d76386911a896"
"","2","","565903e0f5c5633ba6c0d4fd914de82664703ad5"
"","32","","9b0dae464a1e22f6d6112bce22e6b3044c8fa986"
"","2","","b266700fcdbe08bdf0655fe5b792b96684cdb7f8"
"","32","","33a6d7be73adaa762ce936ca0d66d151a7e0ebef"
"","3","","77b6e327d47ad81f12716284dfc93baf2339bbc5"
"","1","","f4eb73585afdb13cfbcaace5349b498312e3ec0f"
"","2","","8c548f13de7c880de066e4ecfff8e9b1dec6d911"
"","2","","7518d21c60ec6c9af19ed4672f38817c7184aca0"
"","12","","73d7ae3588b8b0645f636cb99e6468cd2705dca9"
"init/select_ticket_info.py","2","","0cfefe239d4c544ff5929c3ef057de770ace8042"
"","8","","04a2716b8e88e0b9bc67569b926730d42f0a9ae1"
"","27","","88a19416bcfbbd625db04b381adf2b7a00e0b704"
"","2","","7c9ad86b6c66a6a918cd58f33611d586100e9ca9"
"","8","","4973de33c2c38ad6f0e8b3dbacff7d92201cf3e3"
"","41","","9d70f8352d024daba2e364bbef7ba72963090440"
"","2","","39e777e7e36939241e2742ef1e0659cebae4d74a"
"","7","","61401f9d2b87091b74f104f67d47ab7a5e67d5e3"
"","14","","5fd9b8f8c9915e1b09eef414028886b14f431b05"
"","7","","399f9b6626110f929c2f84105950d67c488b9d40"
"","1","","e200c28a62a0dffde3f97a3d1cc0e5731573c17f"
"","6","","75da2b8c341b2948a91241b26614dda1b0fabb1c"
"","4","","ca7e95b96600bb11e7993919df817322edf75ac1"
"","2","","dba8fe0a5394eff5477a93c148bbddaef240eb88"
"","4","","7a26f8447a7d6b9fbeead349f2377fb26461b760"
"","2","","ad55d8f709af8cc67f5cce7ca11fb5727003d0b5"
"","5","","499f0fbda7e86a0f5433ea0fc51a1285e315f4d7"
"","19","","6d9ebc9b8acf78c55c93127396ed63583abe7353"
"","9","","28c3b37cbe823c4fbb4c51d11c820eb085fbfe7e"
"","2","","66b43cfc1db78a8f4388b927735791356963e248"
"","3","","7f711d02a69da1e04d66a680a9390d1a9b7185ec"
"","175","","808c30208865ee23521c812057449456766b7d1a"
"","2","","4cd6cdc1d9077398bcfdaaa9e89b1b3585187826"
"","2","#288","c5c9450ef58b56998510b9cedec21e6edadc3461"
"","2","","85b2e48330c14419e50bca63ca2eeaa233afe522"
"","6","","aa546ac692cc9348affaf5c8e192c16a093b0446"
"","4","","e2c645f7f724fd1f11044aceda2848f1af90d3bb"
"","2","","8458017498b05fdfe78f003e26e04b02bf0c6402"
"","8","","89ae08d130131ce06a7f4ab905b3750087783bd9"
"","6","","e736b0fd23f51046f454989ed5b34bbeac830861"
"","9","","2327d4e32331905f59b5651a9d2f126a58070591"
"","5","","2f071287a49ea30ff72c446f0d13c6500c01b1d5"
"","236","","941cbe6831f2ce6af7fbb19b9411929ef4f4f3d9"
"","2","","271beb01700070e0342fc35588f4492fb881c49a"
"","254","","c68cc016e04259d2bba36d96bc74377df071e66e"
"","16","","ad8066972bafdd23890cb989d89c6d4e9cad8e0f"
"","2","","a9cf9c6c6ca7000b55ce914dc13f4c411d55a949"
"","5","","378bb75bf8ca2d80a35e243bffefa8bb56e539be"
"","2","","ec38172b3dcba2ae15ebc0a5b5528619e89824bf"
"","2","","a78683bad29e67af19b16cb497b627c31eea1ce2"
"","10","","cfebf48646f9cd75eb447a0ce3ed87064d7ac30d"
"","4","","cf904073c46a6253d79b1bd4484ccaf2f8a4e57f"
"","31","","fa85652febd8e7a58dfedee82aa6dc35aefbc238"
"","52","","43799d3b565d2a3798b2d7d618fcb6616774c44d"
"","9","","11d7da04ce0a69d10ed29da405250b3e3a7a83f3"
"","21","","af5ece8c3e887ccd202927d8a7ca05caed721f73"
"","38","","57f223126e4bc3be9f41c6b66a725ae561c12332"
"","2","","3d199a0a2144596022b652230b8144458800e021"
"","6","","0e6f2ceee2c4e588ec491202fc59a43249270158"
"","2","","8c7804dd4cc1cfa98a39c03a6b63023d2eebb131"
"","1","","dda809d92e975bc119fe35d9e2c0c8860b7de3a9"
"","58","","cf2e8f8ef68db2e7b0a0f6da20e9e6de00039631"
"","41","","978ca34df22d9120eccc9dbfe1d2befab98c69c5"
"","21","","c9de32463a7eb1a21dc097a64bd16ff6fcbbf1b0"
"","25","","2f2d62af19ceaa78fb1295a254334759d61fbe45"
"","3","","cce998d0be8380da7e029739191e13d76b611fa2"
"","3","","2d85ef1994d7f661dd0997e9f185ffa900c69f98"
"","11","","1097517604b3c5fb37ea6a2db93e79e65655743e"
"","8","","01f728c47e212c9091c334f3ee0348653ff526dc"
"","2","","4920a01fa257f37bd7365c2c3f7acd90c4e39727"
"","66","","b88834cdfc7be976ae5e1c5fab4eb57d3e3e76bf"
"","9","","cbec16c5096e6d8d1ccb7574c538d9cd52ad7f9b"
"","10","","ec7ab85ff13264b2876364ffc377f57a9478a720"
"","6","","975e808823177d5022090e97c9eefd3b5acc1b58"
"","168","","7d263baa5694aa1737b68c2a1452e37156df048b"
"","2","","29e0816711ecb92529223e17916101b9d292bdea"
"","5","","f07ec4d332c0411c1c826404b9e596b18377480a"
"","75","","520c8a528d4c6edfc512d98fb06823b5b0ea7e99"
"","3","","0db5c26040a84eeb69283ba255fe5b21f17d3290"
"","154","","bd1a0fcaa371b5321ea2d9e8091d5e2fc08aed91"
"","23","","004b82831dbdbd2abcca0d37b22e67d80a04e7c0"
"","14","","987ed97d89a8b732dff7901b10363a98104e7b3b"
"","121","","f0fea7cba7e213df4c7c94ddf4b3b61c3d8dc5db"
"","80","","b1ab0360261e7c11adcfdac2564c4a8181e93c67"
"","9","","0bdccd45266e2c0fdf459d250460d318052246c1"
"","29","","c1ce4e44692b8440ccbb577e77375e36f3f85509"
"","4","","01d54be85a733a9a5bcc91839929f347a5a3ce85"
"","17","","0b3d04ace4aa0702d5dd66060478f75cfcc13438"
"","20","","829ec1163e50fb60a1121c910be34ce717394616"
"","31","","d2148925250a9e259c1eb9312342f9366a859735"
"","132","","235b0000c9f9bb12f7bb571419d16289e4a9e8a1"
"","9","","d7c5c7215c5db070492a25098288e2cb7620ec2f"
"","78","","aa6d628c8294ec401eeb311e29419d659ddd5f53"
"","45","","501fd388bd52729fa88ffa61cdef69958972925d"
"","32","","cd65eeb963d0233b44e5ec411cf510cbc6de58a9"
"","8","","a3ba39c757e7fa3b1bf51e5d61c1d5440b54f7f9"
"","7","","d1be6833bb3fe1068f4f598027e2387518ce48c4"
"","2","","46ecb662eb849443b63277ef6a83fcbb96307c42"
"","3","","f669690a707683d852b647612157cc95882ec6b5"
"","16","","fb92dbaece5ef0f9343b6ade9494e9c4191780bc"
"","3","","ac1a03834e77ce0963c935db182d5fcad8802969"
"","2","","a3f88212d0c4bcf7ea648f0e21a3d26c310a3e9d"
"","3","","4febb67ac2a8b1d0305fb812097aee0a265b77e8"
"","4","","b84c5faf8f6928a2e8d2aff0ee12d3cc4d5916a8"
"","2","","a6983a0422768824311a84207f1f131e1aa5a873"
"","94","","2ed291639746c2e57f6122b84013c19cd8fa10ce"
"","131","","bd5bebac3aa61731e39c35d3f538734a6a797370"
"","129","","6a07fd4739e58ee1b21c30e6bb5625e037d8a935"
"","124","","66413c9acc4c231d475ad7391af84fe5fa75346a"
"","1","","264351d7276d26429bde2d2862fc886f8616739b"
"","1","","977af7fd662bbf0b191fbef8724263a831a2fd7f"
"","2","","27d3c8f216700acd2e8df1116bbdf3a27a7cc737"
"","49","","1d1237e1a4a58ef9ab1e6e3c26ba590bc54b2693"
"","2","","53f030537d4cf891ec7db69b619201d82a1b0f95"
"","1","","4383d31878a55c43a73e041c22d8032b41cf3fbd"
"","96","","1d3a7867d524f5eb26ef6fba25639f53025d82d7"
"","19","","f07b33d099be5ddace45b2e94b75d057b20763ef"
"","3","","162a7cefe55e2efc155e9194b4b3495ff47a9862"
"","303","","e5b16fe778cca2e4535a01a91d5093fadfc659e5"
"","94","","e5320663e8248b4c4416b16ba1f11fd745a77a24"
"","40","","246b364a5222bd60fa69d7211f0b557cfc5d4d6e"
"","85","","947c33cd6bf70cfb331e53404a29e41bd2c19d1d"
"","4","","4604fd7d3b86eef6bfec39afce56ac4d611ad903"
"","18","","85ae1b9f6b566d1568906b60a1576f913255f3c5"
"","24","","c4806e6306252724ed67e784a9ec2694a731c361"
"","158","","f53270c1512a0efeb159aa986abea1e5c1618074"
"","14","","fdba481ee5f46d00ca00ad45a3297e21dcbaae5f"
"","6","","b4c536dcf2e1ffcb0c2696e7dec42cc215759343"
"","2","","fecc657d35dcc04f9e52adc582f25f04b7cda30d"
"","22","","0735431cd9f3f9f2f173c842daccceb918a8fcda"
"","10","","8a17c48f40ed14700cd9e976bb70107190e28f3e"
"","4","","83c4c925b6f60a7761bd4879c28bbb8d10dbf741"
"","8","","b8ed4ae7322bdd1150072f2ff9eafd6d358754cc"
"","22","","eac67ea1e5b75b63aab7be40c84b52cbd58c95ba"
"","15","","d7f48500715245963ce8770fd6cf00e916b1780e"
"","18","","4430cd6ff871f1cdffc968a8e3e290a3e1b6c477"
"","6","","c5af54f8c4bc95fb46c7c730d81cec636a2b3874"
"","68","","6dc0df05e9e83a44c1c0d1bb853a25a41b72f235"
"","164","","34dbcdb97ab6a869f8174fa2f99b4f8f77eeac85"
"","19","","1dee0ad03362d1c8a34bb77471218aee00691c20"
"","4","","94571217cc7a5714e1074e0e07d7d48daf7a3c8e"
"","88","","e9a532fc2258542c11ecfa88a4e0d6cfb2d7e2e1"
"","6","","60fb33c903f4b848630dbfe447a00313c52348cf"
"","7","","982ede537398a1c89786825c590a1ed2e680a557"
"12306login/.idea/inspectionProfiles/Project_Default.xml","10","","5cd50a7fe0df08495fc29901bcb3d7681ec78e83"
"12306login/damatuCode/damatuWeb.py","7","","c43dc1bab4b9ab423837ed5f2dcbe91c9d083930"
"","126","","5cd50a7fe0df08495fc29901bcb3d7681ec78e83"
"inter/GetRandCode.py","2","","e315abb586338b20e4a0f4097e85bb6c8e640797"
"","3","","93c6db471ce520f383bd854a971d76386911a896"
"","5","","b2f9ce65f199b33f4441ce8d2e33101336cc080e"
"","6","","d7f1172272b975a326cf8e7008d9a0342f7b2c0d"
"","10","","5fd9b8f8c9915e1b09eef414028886b14f431b05"
"","9","","808c30208865ee23521c812057449456766b7d1a"
"","22","","bd30d7e4570f33223aae11f37095025149da03e4"
"","3","#253","ccde952432d5dd1f25f46c2ff01a8ff5ded52cf8"
"","1","","ad8066972bafdd23890cb989d89c6d4e9cad8e0f"
"","1","","8e97d1d1606a687b184faa476e7ce5578b749fcb"
"","4","","e6ce310eca63bf0652101ef1e8509f179b785e62"
"","2","","4c1ab61b7b43c19a6c995cecc4c41b379328a124"
"","2","","3ca6f13d06344d36c6f6aebcaf65ca4c87af15a7"
"","5","","342bebc7330d532d499b54726798845f2e36f850"
"","27","","2df57447d3a809d9458c172529daa4f0c9d39296"
"","55","","41a78209c80a44f5b52e5fd2903bac2261e151f0"
"","2","","43799d3b565d2a3798b2d7d618fcb6616774c44d"
"","4","","de76b2c8aba972129d860993a084bf266857fbc6"
"","1","","42cba656e76d3922918cad622fed02dc76a504aa"
"","7","","806be00d3dd7baacade348dc1c4702571a34bae8"
"","7","","4920a01fa257f37bd7365c2c3f7acd90c4e39727"
"","11","","b88834cdfc7be976ae5e1c5fab4eb57d3e3e76bf"
"","2","","bbee85ff1b0e62f709fa189e1a705e375962bd3a"
".github/ISSUE_TEMPLATE/feature_request.md","20","","00eaf22be4fb2ecde4915a69e1528f452c45b5ce"
"yixing/haha.py","17","","54887b6755682a4fc13ca4ec49560047c8b168e0"
"12306login/init/select_ticket_info.py","4","","020500ca124475590e6e89657b595e60d257e9ac"
"","30","","072bca48c2f7936f3e20f38abd939d02fea00a0b"
"","86","","8d8b5ab1fbabddbcf34ade76a70bb5454a36130b"
"","66","","c43dc1bab4b9ab423837ed5f2dcbe91c9d083930"
"","162","","c59d1cf8d32e1b202f1cd1445f39c8db7b3079db"
"","177","","5cd50a7fe0df08495fc29901bcb3d7681ec78e83"
"requirements-docker37.txt","7","","93c6db471ce520f383bd854a971d76386911a896"
"config/configCommon.py","2","","39e777e7e36939241e2742ef1e0659cebae4d74a"
"","2","","7a26f8447a7d6b9fbeead349f2377fb26461b760"
"","2","","f86f4877cc31d250fa913262207b0734731c00a5"
"","2","","fc546ecadb164e44654579ad32b184952da5b77b"
"","51","","aa546ac692cc9348affaf5c8e192c16a093b0446"
"","6","","35ec27b7d733eb3ad939761c42af1ffb0356470d"
"","15","","89ae08d130131ce06a7f4ab905b3750087783bd9"
"","5","","2f071287a49ea30ff72c446f0d13c6500c01b1d5"
"","1","","f4f0e7dfb3ac617c5148ccfd1558a01d5d706c68"
"","20","","e6ce310eca63bf0652101ef1e8509f179b785e62"
"","14","","cfebf48646f9cd75eb447a0ce3ed87064d7ac30d"
"","7","","43799d3b565d2a3798b2d7d618fcb6616774c44d"
"","10","","978ca34df22d9120eccc9dbfe1d2befab98c69c5"
"","82","","133606f1701b85a55d971c220e24c94d1561edaa"
"12306login/station_name.txt","1","","5cd50a7fe0df08495fc29901bcb3d7681ec78e83"
"agency/cdn_utils.py","24","","04a2716b8e88e0b9bc67569b926730d42f0a9ae1"
"","2","","7c9ad86b6c66a6a918cd58f33611d586100e9ca9"
"","6","","4973de33c2c38ad6f0e8b3dbacff7d92201cf3e3"
"","135","","9d70f8352d024daba2e364bbef7ba72963090440"
"","2","","8458017498b05fdfe78f003e26e04b02bf0c6402"
"","21","","89ae08d130131ce06a7f4ab905b3750087783bd9"
"","2","","c68cc016e04259d2bba36d96bc74377df071e66e"
"","48","","a9cf9c6c6ca7000b55ce914dc13f4c411d55a949"
"","6","","4371b0b3b013cffb570e9226da12b53cada92ef1"
"","17","","2df57447d3a809d9458c172529daa4f0c9d39296"
"","4","","cf904073c46a6253d79b1bd4484ccaf2f8a4e57f"
"","2","","fa85652febd8e7a58dfedee82aa6dc35aefbc238"
"","7","","43799d3b565d2a3798b2d7d618fcb6616774c44d"
"","16","","cf2e8f8ef68db2e7b0a0f6da20e9e6de00039631"
"","5","","b88834cdfc7be976ae5e1c5fab4eb57d3e3e76bf"
"","6","","9c95cc03c1522d086fff2e136ad6829275842209"
"","30","","bd1a0fcaa371b5321ea2d9e8091d5e2fc08aed91"
"","24","","004b82831dbdbd2abcca0d37b22e67d80a04e7c0"
"","100","","f0fea7cba7e213df4c7c94ddf4b3b61c3d8dc5db"
"inter/PassengerInitApi.py","8","","39e777e7e36939241e2742ef1e0659cebae4d74a"
"","29","","05f9bb1bbd61d096c4697ea7611ae0f285ad2cd9"
"config/emailConf.py","43","","61401f9d2b87091b74f104f67d47ab7a5e67d5e3"
"","2","","d31171ea29239320c353211330f76fd742b206d6"
"","56","","808c30208865ee23521c812057449456766b7d1a"
"","9","","e736b0fd23f51046f454989ed5b34bbeac830861"
"","2","","ad8066972bafdd23890cb989d89c6d4e9cad8e0f"
"","37","","ce0b5cff84c433cba621601645f129332f687bc3"
"","2","","b36595aeadb807ed2abdeb8113c5bfb6a417dcc2"
"","2","","5f7b4df19b17abc9897c473a05b500be74e4253d"
"","42","","fb92dbaece5ef0f9343b6ade9494e9c4191780bc"
"yixing/myException/ticketConfigException.py","2","","54887b6755682a4fc13ca4ec49560047c8b168e0"
"verify/pretreatment.py","18","","5fd9b8f8c9915e1b09eef414028886b14f431b05"
"","100","","d0d552a5af7152651e9a524fa73c6b4bb414b698"
"utils/timeUtil.py","14","","ba618e1c43790793f9f723c45ef6e6c73f3325c1"
"","14","","978ca34df22d9120eccc9dbfe1d2befab98c69c5"
"requirements.txt","2","","95931339dbeb2d77eb2602166edb89e784f65072"
"","6","","9d70f8352d024daba2e364bbef7ba72963090440"
"","2","","2313c167e4aa91f6a4f94fe5cf137552239225ec"
"","2","","824ad682c7e766848d4d506720442ee28ff40b8c"
"","3","","baf7137ddc466f393571dc05608d6fafdd19a229"
"","1","","ad55d8f709af8cc67f5cce7ca11fb5727003d0b5"
"","1","","b6e1f6d0719a33399d3148564fc102a71599c300"
"","2","","07b34141ae99736c204004bde549d71a1b5c348f"
"","3","","ed3433b4738e618ba30cb777207d303ea2b96b98"
"","4","","5e378c80488882d6a315e7fd014fa5d03f0b2b16"
"","4","","f50e5971929f843616a002d2ab96721665030a2e"
"","7","","1f503cb2d9a29a724ec04fd73daa7998a4050937"
"","2","","bd30d7e4570f33223aae11f37095025149da03e4"
"","2","","370bc161eca653270c01b3bb168ea6c12f0bf29f"
"","3","","57f223126e4bc3be9f41c6b66a725ae561c12332"
"","2","","1dee0ad03362d1c8a34bb77471218aee00691c20"
"inter/ChechFace.py","4","","4973de33c2c38ad6f0e8b3dbacff7d92201cf3e3"
"","2","","3708c4d84bf53c028de95903e7b6377252ac19f1"
"","29","","bc337041d55aebdbd495d26d3b56d1b8ad4f9136"
"","7","","7a26f8447a7d6b9fbeead349f2377fb26461b760"
"","2","","6d9ebc9b8acf78c55c93127396ed63583abe7353"
"","7","","36e60d6082b200adb496a0dc96e0ba02c1573157"
"","37","","808c30208865ee23521c812057449456766b7d1a"
"cdn_list","3545","","4973de33c2c38ad6f0e8b3dbacff7d92201cf3e3"
"","1351","","fc675d57e82fdf02f82d30f3d69effd76e7ee3fd"
"","29044","","ec38172b3dcba2ae15ebc0a5b5528619e89824bf"
"","29450","","cf2e8f8ef68db2e7b0a0f6da20e9e6de00039631"
"","1","","0db5c26040a84eeb69283ba255fe5b21f17d3290"
"","1478","","bd1a0fcaa371b5321ea2d9e8091d5e2fc08aed91"
"","710","","004b82831dbdbd2abcca0d37b22e67d80a04e7c0"
"","99","","f0fea7cba7e213df4c7c94ddf4b3b61c3d8dc5db"
"myException/ticketNumOutException.py","2","","346b8d2e988721c9258e4943338acb34a3597a62"
"12306login/haha.py","4","","072bca48c2f7936f3e20f38abd939d02fea00a0b"
"","25","","8d8b5ab1fbabddbcf34ade76a70bb5454a36130b"
"","70","","c43dc1bab4b9ab423837ed5f2dcbe91c9d083930"
"","17","","c59d1cf8d32e1b202f1cd1445f39c8db7b3079db"
"","17","","5cd50a7fe0df08495fc29901bcb3d7681ec78e83"
"12306login/myUrllib/myurllib2.py","59","","5cd50a7fe0df08495fc29901bcb3d7681ec78e83"
"UnitTest/TestAll.py","20","","88a19416bcfbbd625db04b381adf2b7a00e0b704"
"","16","","9d70f8352d024daba2e364bbef7ba72963090440"
"","4","","39e777e7e36939241e2742ef1e0659cebae4d74a"
"","4","","3708c4d84bf53c028de95903e7b6377252ac19f1"
"","22","","b2f9ce65f199b33f4441ce8d2e33101336cc080e"
"","15","","d7f1172272b975a326cf8e7008d9a0342f7b2c0d"
"","10","","0bb941364b9f831bcfb7026d80f087ef102cf276"
"","8","","2e1f94dbb9154e48537f3f5c35c37f0d5ccb83dc"
"","3","","a89b918f98ee58c64bccf33294a199088c060569"
"","10","","7a4b56ba91e5b0630ff5264ec68156b12cdd514f"
"","1","","808c30208865ee23521c812057449456766b7d1a"
"","2","#253","ccde952432d5dd1f25f46c2ff01a8ff5ded52cf8"
"","2","","934e5ffd6a47f189babf2f0eb458661a812ad18d"
"","2","","6c78809b4fef4d0fba4fd0a4690c9832cd3a5a49"
"","8","","1c5ba95ff879154e9e8d75a6e54b3a02099be5a5"
"","50","","ad8066972bafdd23890cb989d89c6d4e9cad8e0f"
"inter/GetQueueCount.py","20","","39e777e7e36939241e2742ef1e0659cebae4d74a"
"","2","","2e1f94dbb9154e48537f3f5c35c37f0d5ccb83dc"
"","2","","a89b918f98ee58c64bccf33294a199088c060569"
"","2","","8a68530f38eb8109d0cd7c07552e85af1b535680"
"","35","","808c30208865ee23521c812057449456766b7d1a"
"","6","","c68cc016e04259d2bba36d96bc74377df071e66e"
"","4","","2465d61554850a310732f14a006dc36e0ee9502e"
"","24","","8c7804dd4cc1cfa98a39c03a6b63023d2eebb131"
"","13","","2f2d62af19ceaa78fb1295a254334759d61fbe45"
"yixing/init/select_ticket_info.py","11","","59da8020af3f969ea7e7286a8814630bc9a82977"
"","27","","e4e42718cc9a972849f40af6fdba919e56fda80e"
"","83","","42704fe911ec77d9627ae8ba65ba02399455f05a"
"","8","","551bbfc003a02f0a1a9671198368868c782b90fc"
"","13","","d165bb4cf54491d475aa8b2bf138127bdb4d0083"
"","19","","5bbc55ca4f6f8abc759eabe56575e3a170eec4c5"
"","31","","6528b65ac291f9d870eb3eb31dccecb95a69527e"
"","16","","f3a0135d939907941c29b4c634b20e2c34f014d2"
"","2","","9d82578d3a46394c39933215ba2068a1ce66f02a"
"","306","","54887b6755682a4fc13ca4ec49560047c8b168e0"
"TickerConfig.py","20","","0cfefe239d4c544ff5929c3ef057de770ace8042"
"","26","","04a2716b8e88e0b9bc67569b926730d42f0a9ae1"
"","4","","7c9ad86b6c66a6a918cd58f33611d586100e9ca9"
"","6","","4973de33c2c38ad6f0e8b3dbacff7d92201cf3e3"
"","23","","9d70f8352d024daba2e364bbef7ba72963090440"
"","4","","8258d3d910dee305d58e2f03d7b48d67f42b7da6"
"","3","","7ff3ac6d13f7878a7c7ee2fabcf3883272f90ad3"
"","12","","04a4a2604fc12da8fe0658b58fd2a2e49876679c"
"","19","","3708c4d84bf53c028de95903e7b6377252ac19f1"
"","2","","df6125281b57e44789fd54cea5bc3dc38577e036"
"","9","","960c9a01e7aa43f016a8d9dcf58cfaeed271e752"
"","2","","151a9a87a1339df105c94924608f9041c27326b8"
"","41","","264f88a5650b87acdac459bd7ece0300d6c68bce"
"","21","","3b97e32d96f37892f73bff4d11ef891a7ec8bece"
"","29","","288eeffb733c57c3b84a1c44c47dc22c4c993b74"
"","41","","5fd9b8f8c9915e1b09eef414028886b14f431b05"
"","18","","399f9b6626110f929c2f84105950d67c488b9d40"
"","5","","0bb941364b9f831bcfb7026d80f087ef102cf276"
"","12","","9b97c0e6b95181a3dd979252036e186fed53ed7c"
"","12","","7fa578762b9f7cdbd7bd9d4862ac68035cbb48ca"
"","9","","dad76820cbeb454de6a8fd9d8c15757aa96b3583"
"","20","","75da2b8c341b2948a91241b26614dda1b0fabb1c"
"","6","","2e1f94dbb9154e48537f3f5c35c37f0d5ccb83dc"
"","16","","dba8fe0a5394eff5477a93c148bbddaef240eb88"
"","14","","111321f12fd10d3566c97853f9023e864bb4d6f2"
"","7","","7a4b56ba91e5b0630ff5264ec68156b12cdd514f"
"","19","","7a26f8447a7d6b9fbeead349f2377fb26461b760"
"","2","","4f7d9807eb5ceb5e757b46187b915803f7e074aa"
"","2","","2277c686cbde31121970f4171b9d7c1dd7770553"
"","14","","ad55d8f709af8cc67f5cce7ca11fb5727003d0b5"
"","6","","f86f4877cc31d250fa913262207b0734731c00a5"
"","22","","f970b3e73e2591727459148fa624327b8ff563a8"
"","17","","ba618e1c43790793f9f723c45ef6e6c73f3325c1"
"","16","","fc546ecadb164e44654579ad32b184952da5b77b"
"","31","","b6e1f6d0719a33399d3148564fc102a71599c300"
"","30","","499f0fbda7e86a0f5433ea0fc51a1285e315f4d7"
"","11","","632c77388c3846bc20d82b5de29073a841eb8fb8"
"","13","","6d9ebc9b8acf78c55c93127396ed63583abe7353"
"","50","","28c3b37cbe823c4fbb4c51d11c820eb085fbfe7e"
"","19","","36e60d6082b200adb496a0dc96e0ba02c1573157"
"","28","","ae830e7a1e4dc73284e3963a9973ff848cf3b287"
"","18","","45f511231c6b8df8d4cc92fc6b2edf8ca48f801e"
"","25","","7f711d02a69da1e04d66a680a9390d1a9b7185ec"
"","119","","808c30208865ee23521c812057449456766b7d1a"
"12306login/myException/__init__.py","0","","5cd50a7fe0df08495fc29901bcb3d7681ec78e83"
"inter/SubmitOrderRequest.py","4","","4973de33c2c38ad6f0e8b3dbacff7d92201cf3e3"
"","6","","dba8fe0a5394eff5477a93c148bbddaef240eb88"
"","2","","6d9ebc9b8acf78c55c93127396ed63583abe7353"
"","45","","808c30208865ee23521c812057449456766b7d1a"
"","7","","c68cc016e04259d2bba36d96bc74377df071e66e"
"","1","","0e6f2ceee2c4e588ec491202fc59a43249270158"
"","1","","2f2d62af19ceaa78fb1295a254334759d61fbe45"
"run.py","39","","9d70f8352d024daba2e364bbef7ba72963090440"
"","5","","2e1f94dbb9154e48537f3f5c35c37f0d5ccb83dc"
"","7","","7a4b56ba91e5b0630ff5264ec68156b12cdd514f"
"","8","","810dbfadeaa66db35372071c2b5b0deae22e8f6f"
"","4","","a3d4fed532b8abea7d60e6ec35b0861796bd7bdd"
"","2","","501fd388bd52729fa88ffa61cdef69958972925d"
"","4","","1ce2f7719e6493d9db170e337e074f3e9e457c41"
"","4","","26ee65c48e0a6e49d246ca94be81712e85e05525"
"verify/localVerifyCode.py","4","","b2f9ce65f199b33f4441ce8d2e33101336cc080e"
"","112","","d7f1172272b975a326cf8e7008d9a0342f7b2c0d"
"","18","","5fd9b8f8c9915e1b09eef414028886b14f431b05"
"","3","","fb85c552542f2fa7e8099d4a1b71d0260990ae60"
"","9","","f50e5971929f843616a002d2ab96721665030a2e"
"","75","","d0d552a5af7152651e9a524fa73c6b4bb414b698"
"tmp/__init__.py","0","","133606f1701b85a55d971c220e24c94d1561edaa"
"inter/QueryOrderWaitTime.py","3","","2e1f94dbb9154e48537f3f5c35c37f0d5ccb83dc"
"","3","","a89b918f98ee58c64bccf33294a199088c060569"
"","3","","1c5ba95ff879154e9e8d75a6e54b3a02099be5a5"
"","4","","43799d3b565d2a3798b2d7d618fcb6616774c44d"
"","4","","ce0b5cff84c433cba621601645f129332f687bc3"
"inter/Query.py","4","","04a2716b8e88e0b9bc67569b926730d42f0a9ae1"
"","4","","008c7ecd420d563a7cfbd825e74560d8ff04adaa"
"","4","","4973de33c2c38ad6f0e8b3dbacff7d92201cf3e3"
"","5","","9d70f8352d024daba2e364bbef7ba72963090440"
"","2","","3b97e32d96f37892f73bff4d11ef891a7ec8bece"
"","20","","0381e09bd99ad9d14476b068677deaba8e9aad01"
"","4","","5fd9b8f8c9915e1b09eef414028886b14f431b05"
"","11","","399f9b6626110f929c2f84105950d67c488b9d40"
"","1","","fc2028c0cf15e0aa0cebc6244732859c39b8a57f"
"","2","","c9e9392f62c8914bb9e3407fe0867dd02b8b793f"
"","1","","75da2b8c341b2948a91241b26614dda1b0fabb1c"
"","2","","111321f12fd10d3566c97853f9023e864bb4d6f2"
"","31","","7a26f8447a7d6b9fbeead349f2377fb26461b760"
"","37","","499f0fbda7e86a0f5433ea0fc51a1285e315f4d7"
"","7","","6d9ebc9b8acf78c55c93127396ed63583abe7353"
"","47","","28c3b37cbe823c4fbb4c51d11c820eb085fbfe7e"
"","165","","808c30208865ee23521c812057449456766b7d1a"
"","27","#256","5f4f5d0fd55b5c41a215b8bcc4f9195041a6d01b"
"","2","","aa546ac692cc9348affaf5c8e192c16a093b0446"
"","2","","6e78ccdb6eade427d878dd94d4e80acd5a2bb8d9"
"","2","","2f071287a49ea30ff72c446f0d13c6500c01b1d5"
"","2","","c68cc016e04259d2bba36d96bc74377df071e66e"
"","1","","25c33e413ed95ab4778f52638fcab3e17946cff5"
"","2","","ad8066972bafdd23890cb989d89c6d4e9cad8e0f"
"","2","","dedc49120396f3ff19ae9600afcd18cca631ba3f"
"","4","","43799d3b565d2a3798b2d7d618fcb6616774c44d"
"","2","","0cc85766a4778167542f3ab90f6739937099a37b"
"","3","","0e6f2ceee2c4e588ec491202fc59a43249270158"
"","20","","9a9647665ff383bd171b3c31f56e53eb66b69493"
"","3","","8c7804dd4cc1cfa98a39c03a6b63023d2eebb131"
"","9","","66e380bfc557d1b8ef436bc6632d1a59dda7034b"
"","1","","dda809d92e975bc119fe35d9e2c0c8860b7de3a9"
"","29","","cf2e8f8ef68db2e7b0a0f6da20e9e6de00039631"
"","39","","ce0b5cff84c433cba621601645f129332f687bc3"
"","46","","978ca34df22d9120eccc9dbfe1d2befab98c69c5"
"","14","","c9de32463a7eb1a21dc097a64bd16ff6fcbbf1b0"
"","18","","2f2d62af19ceaa78fb1295a254334759d61fbe45"
"","5","","cce998d0be8380da7e029739191e13d76b611fa2"
"","8","","2d85ef1994d7f661dd0997e9f185ffa900c69f98"
"","7","","1097517604b3c5fb37ea6a2db93e79e65655743e"
"","9","","b88834cdfc7be976ae5e1c5fab4eb57d3e3e76bf"
"","6","","009b989a6468e49e0622ef4b58c2b1b78b380c8d"
"inter/AutoSubmitOrderRequest.py","4","","4973de33c2c38ad6f0e8b3dbacff7d92201cf3e3"
"","7","","264f88a5650b87acdac459bd7ece0300d6c68bce"
"","3","","808c30208865ee23521c812057449456766b7d1a"
"","5","","c68cc016e04259d2bba36d96bc74377df071e66e"
"","1","","532e774f0b1d3e6bea67ccd149baadf7f5770498"
"","4","","c9de32463a7eb1a21dc097a64bd16ff6fcbbf1b0"
"","4","","01f728c47e212c9091c334f3ee0348653ff526dc"
"12306login/.idea/inspectionProfiles/profiles_settings.xml","7","","5cd50a7fe0df08495fc29901bcb3d7681ec78e83"
"agency/cdn_list","611","","0db5c26040a84eeb69283ba255fe5b21f17d3290"
"","700","","004b82831dbdbd2abcca0d37b22e67d80a04e7c0"
"","89","","f0fea7cba7e213df4c7c94ddf4b3b61c3d8dc5db"
"yixing/tiket.ui","298","","54887b6755682a4fc13ca4ec49560047c8b168e0"
"","89","","c00aa9693558193fb9798dc044373f3dc44b29ee"
".idea/markdown-exported-files.xml","8","","c7ca1507325939830c320cd7c25d9f127f69857c"
"","8","","f0fea7cba7e213df4c7c94ddf4b3b61c3d8dc5db"
".idea/inspectionProfiles/Project_Default.xml","51","","bd30d7e4570f33223aae11f37095025149da03e4"
"","4","","c27f3c57c3eef6227cf78a08e2cc45015e3f48f2"
"","49","","c7ca1507325939830c320cd7c25d9f127f69857c"
"agency/proxy_list","1","","ad8066972bafdd23890cb989d89c6d4e9cad8e0f"
"","0","","c5af54f8c4bc95fb46c7c730d81cec636a2b3874"
"","399","","6dc0df05e9e83a44c1c0d1bb853a25a41b72f235"
"","901","","1dee0ad03362d1c8a34bb77471218aee00691c20"
"12306login/.idea/modules.xml","8","","5cd50a7fe0df08495fc29901bcb3d7681ec78e83"
"verify/__init__.py","0","","bd30d7e4570f33223aae11f37095025149da03e4"
"GuiHelp.md","33","#288","c5c9450ef58b56998510b9cedec21e6edadc3461"
"","33","","6e78ccdb6eade427d878dd94d4e80acd5a2bb8d9"
"config/logger.py","61","","133606f1701b85a55d971c220e24c94d1561edaa"
"init/login.py","8","","9d70f8352d024daba2e364bbef7ba72963090440"
"","4","","39e777e7e36939241e2742ef1e0659cebae4d74a"
"","2","","75da2b8c341b2948a91241b26614dda1b0fabb1c"
"","137","","ad55d8f709af8cc67f5cce7ca11fb5727003d0b5"
"","139","","499f0fbda7e86a0f5433ea0fc51a1285e315f4d7"
"","22","","7f711d02a69da1e04d66a680a9390d1a9b7185ec"
"","7","","808c30208865ee23521c812057449456766b7d1a"
"","5","#288","c5c9450ef58b56998510b9cedec21e6edadc3461"
"","14","","94e141429324c989f2b1d77dbd6dcc116dc119ed"
"","14","","bd30d7e4570f33223aae11f37095025149da03e4"
"","5","","2a7c84f210e9e46a16f9ee72508d0d044af71356"
"","70","#253","ccde952432d5dd1f25f46c2ff01a8ff5ded52cf8"
"","31","","b4c6c4f85888eb3ef1eb205b087037183fd24489"
"","8","","ae91368a261558ef4d572d825161fc011797c045"
"","1","","3b70cdf0b7be6f4571463ac176c70bbdb95c8236"
"","10","","43799d3b565d2a3798b2d7d618fcb6616774c44d"
"","5","","806be00d3dd7baacade348dc1c4702571a34bae8"
"","3","","01f728c47e212c9091c334f3ee0348653ff526dc"
"","8","","b88834cdfc7be976ae5e1c5fab4eb57d3e3e76bf"
"","4","","a3d4fed532b8abea7d60e6ec35b0861796bd7bdd"
"","4","","7d263baa5694aa1737b68c2a1452e37156df048b"
"","4","","29e0816711ecb92529223e17916101b9d292bdea"
"","5","","520c8a528d4c6edfc512d98fb06823b5b0ea7e99"
"","33","","bd1a0fcaa371b5321ea2d9e8091d5e2fc08aed91"
"","17","","f0fea7cba7e213df4c7c94ddf4b3b61c3d8dc5db"
"","47","","ec88dffe4fea711c7165fb2da8d5b66dd8849645"
"","38","","b1ab0360261e7c11adcfdac2564c4a8181e93c67"
"","45","","c1ce4e44692b8440ccbb577e77375e36f3f85509"
"","2","","133606f1701b85a55d971c220e24c94d1561edaa"
"","45","","0b3d04ace4aa0702d5dd66060478f75cfcc13438"
"","17","","b36595aeadb807ed2abdeb8113c5bfb6a417dcc2"
"","2","","235b0000c9f9bb12f7bb571419d16289e4a9e8a1"
"","4","","d7c5c7215c5db070492a25098288e2cb7620ec2f"
"","372","","aa6d628c8294ec401eeb311e29419d659ddd5f53"
"","19","","501fd388bd52729fa88ffa61cdef69958972925d"
"","2","","c5af54f8c4bc95fb46c7c730d81cec636a2b3874"
"","103","","1dee0ad03362d1c8a34bb77471218aee00691c20"
"config/TicketEnmu.py","3","","808c30208865ee23521c812057449456766b7d1a"
"","4","","ad8066972bafdd23890cb989d89c6d4e9cad8e0f"
"","2","","9a9647665ff383bd171b3c31f56e53eb66b69493"
"inter/CheckOrderInfo.py","6","","94e141429324c989f2b1d77dbd6dcc116dc119ed"
"","4","","43799d3b565d2a3798b2d7d618fcb6616774c44d"
"","3","","2d85ef1994d7f661dd0997e9f185ffa900c69f98"
"damatuCode/damatuWeb.py","123","","89ae08d130131ce06a7f4ab905b3750087783bd9"
"","13","","0b3d04ace4aa0702d5dd66060478f75cfcc13438"
"","4","","66413c9acc4c231d475ad7391af84fe5fa75346a"
"","1","","9865021f8148e886154b27039043ae52bcb71258"
"","4","","ebcd2a7997bc40d9485f548d6681f890eb7a6419"
"","8","","0735431cd9f3f9f2f173c842daccceb918a8fcda"
"","8","","18c8d9666477536099dd485a470bcb5d3814adda"
"","3","","982ede537398a1c89786825c590a1ed2e680a557"
"yixing/test.ui","199","","54887b6755682a4fc13ca4ec49560047c8b168e0"
"damatuCode/__init__.py","0","","bd30d7e4570f33223aae11f37095025149da03e4"
"tmp/log/__init__.py","0","","632a971606f07e0fb0dc9cadb23bc3a8302fd20b"
"yixing/init/login.py","4","","e4e42718cc9a972849f40af6fdba919e56fda80e"
"","14","","54887b6755682a4fc13ca4ec49560047c8b168e0"
"LICENSE","21","","7674929eef7f345fd7534640ea5aeca76f343e5b"
".idea/12306.iml","12","","986db2386c577fbcd31b596bc634701d325a4642"
"","2","","c27f3c57c3eef6227cf78a08e2cc45015e3f48f2"
"","12","","c7ca1507325939830c320cd7c25d9f127f69857c"
"","2","","54887b6755682a4fc13ca4ec49560047c8b168e0"
"","11","","020500ca124475590e6e89657b595e60d257e9ac"
"myException/UserPasswordException.py","2","","aa6d628c8294ec401eeb311e29419d659ddd5f53"
"inter/LoginConf.py","22","","b4c6c4f85888eb3ef1eb205b087037183fd24489"
".dockerignore","1","","93c6db471ce520f383bd854a971d76386911a896"
"","5","","eab46652b182ac6fdd3ebb87cc89a8efb3c9b96a"
"","5","","9c39e3dc7502eabd507ac0e41db8531d89d0cc28"
"","9","","ced815e7c236d998c469df8f13c615443e51903d"
".github/ISSUE_TEMPLATE/bug_report.md","2","","0b1a72e09557699c810c73488100f54df0084aec"
"","26","","00eaf22be4fb2ecde4915a69e1528f452c45b5ce"
"yixing/.idea/workspace.xml","793","","52397bfc50c559632b02936fbaf966b6de5f37d7"
"","515","","e9a532fc2258542c11ecfa88a4e0d6cfb2d7e2e1"
"config/ticketConf.py","23","","808c30208865ee23521c812057449456766b7d1a"
"","6","","f50e5971929f843616a002d2ab96721665030a2e"
"","4","","a3bdb1c96cafe094b9179dd2fd4ccc3c6d18d121"
"","2","","8458017498b05fdfe78f003e26e04b02bf0c6402"
"","11","","89ae08d130131ce06a7f4ab905b3750087783bd9"
"","6","","e6ce310eca63bf0652101ef1e8509f179b785e62"
"","2","","43799d3b565d2a3798b2d7d618fcb6616774c44d"
"","1","","d7b381e7a694b41f004024566b12ea805bc4b49e"
"","1","","d7c5c7215c5db070492a25098288e2cb7620ec2f"
"","2","","0d4846e9baf6c82d1f7a68ddd383b2b9c69d2ff7"
"","1","","35918e1dd868f623cb4afdff798f08f0158a8f4b"
"","2","","d7f48500715245963ce8770fd6cf00e916b1780e"
"","2","","1dee0ad03362d1c8a34bb77471218aee00691c20"
"config/AutoSynchroTime.py","14","","c68cc016e04259d2bba36d96bc74377df071e66e"
"","32","","0cc85766a4778167542f3ab90f6739937099a37b"
"","47","","6b1f575c64c171cfef9dad7c5bda60d2819ae93b"
"","35","","0afa64ac07be8b4679c2e69b6898ee45ff5e802c"
"","53","","af5ece8c3e887ccd202927d8a7ca05caed721f73"
"yixing/config/__init__.py","0","","54887b6755682a4fc13ca4ec49560047c8b168e0"
"README.md","2","","93c6db471ce520f383bd854a971d76386911a896"
"","19","","9b0dae464a1e22f6d6112bce22e6b3044c8fa986"
"","19","","33a6d7be73adaa762ce936ca0d66d151a7e0ebef"
"","3","","4973de33c2c38ad6f0e8b3dbacff7d92201cf3e3"
"","40","","9d70f8352d024daba2e364bbef7ba72963090440"
"","1","","3708c4d84bf53c028de95903e7b6377252ac19f1"
"","1","","960c9a01e7aa43f016a8d9dcf58cfaeed271e752"
"","5","","61401f9d2b87091b74f104f67d47ab7a5e67d5e3"
"","4","","e200c28a62a0dffde3f97a3d1cc0e5731573c17f"
"","5","","9b97c0e6b95181a3dd979252036e186fed53ed7c"
"","4","","ca7e95b96600bb11e7993919df817322edf75ac1"
"","10","","2e1f94dbb9154e48537f3f5c35c37f0d5ccb83dc"
"","4","","f970b3e73e2591727459148fa624327b8ff563a8"
"","20","","ba618e1c43790793f9f723c45ef6e6c73f3325c1"
"","4","","b6e1f6d0719a33399d3148564fc102a71599c300"
"","1","","9c355e22d735a5b8187a2b398f7315ff8c82d114"
"","2","","689e018f543529783d26a1067ef6f19f9f864d95"
"","1","","a651c44f381512a36fe6e78828b15ae0f8683088"
"","9","","7f711d02a69da1e04d66a680a9390d1a9b7185ec"
"","6","","808c30208865ee23521c812057449456766b7d1a"
"","13","#288","c5c9450ef58b56998510b9cedec21e6edadc3461"
"","2","","22dde676df2edf319d102f216708098852e3c4a4"
"","11","","48a3344c63a808457c19c2f4b9cd38f8edba643d"
"","22","","d47c83aaa65cfb21627d2f62cec099be5afd39ab"
"","6","","f50e5971929f843616a002d2ab96721665030a2e"
"","52","","bd30d7e4570f33223aae11f37095025149da03e4"
"","2","","fd2f691ce3a539c460ecbabc79f4f7af8591f43b"
"","7","","986db2386c577fbcd31b596bc634701d325a4642"
"","6","#253","ccde952432d5dd1f25f46c2ff01a8ff5ded52cf8"
"","75","","8a39a1753c92bec88d3a80b8da41562b6b1f2980"
"","4","","e2c645f7f724fd1f11044aceda2848f1af90d3bb"
"","3","","ed4e4dc688ee649f0a1e46cfe22f9fe0bb7b9835"
"","2","","5e80ddd5b911c9c8c2da7e1f3e67903b0ea2bd0b"
"","2","","3b70cdf0b7be6f4571463ac176c70bbdb95c8236"
"","5","","034681619d5656f393d6b895d8b15109df9e9a40"
"","2","","6e78ccdb6eade427d878dd94d4e80acd5a2bb8d9"
"","7","","e736b0fd23f51046f454989ed5b34bbeac830861"
"","14","","0ecd1bdfe36b5dbd0ba94dbaed7a368cb9894321"
"","4","","2327d4e32331905f59b5651a9d2f126a58070591"
"","2","","2f071287a49ea30ff72c446f0d13c6500c01b1d5"
"","1","","941cbe6831f2ce6af7fbb19b9411929ef4f4f3d9"
"","7","","271beb01700070e0342fc35588f4492fb881c49a"
"","5","","c68cc016e04259d2bba36d96bc74377df071e66e"
"","10","","1deb2b2d8aca030d44e927ee7807a32e26a38628"
"","2","","543cbe34dd129bc01958f264ffe9d72e5d5431e8"
"","6","","f59eb0ab0c1fa5933f403b53b7e3abb8d9bf484c"
"","15","","8fbb53c6738958c35fc5f01d6383765437004f35"
"","3","","ad8066972bafdd23890cb989d89c6d4e9cad8e0f"
"","5","","542db361b227d56b40484772600031d4977d22d7"
"","5","","8e97d1d1606a687b184faa476e7ce5578b749fcb"
"","8","","f76371ba72f975e1b1fe4098cee85e6d4f78d626"
"","3","","ec38172b3dcba2ae15ebc0a5b5528619e89824bf"
"","2","","a78683bad29e67af19b16cb497b627c31eea1ce2"
"","5","","9b11f95715dea618efcab743e88742b9b508a154"
"","7","","57f223126e4bc3be9f41c6b66a725ae561c12332"
"","2","","3d199a0a2144596022b652230b8144458800e021"
"","4","","a21eb9827f510c6957b7e1aaf81a665ccdfc6f34"
"","1","","84e6350c95195614cbfd6b1e3576eb44404c26aa"
"","4","","5a706961e9cfa2a60fdd756f97a340bef9ffdec9"
"","4","","b4be95b290bfd15f61b360bd298d2c0a44fa31ff"
"","4","","66e380bfc557d1b8ef436bc6632d1a59dda7034b"
"","3","","cf2e8f8ef68db2e7b0a0f6da20e9e6de00039631"
"","4","","806be00d3dd7baacade348dc1c4702571a34bae8"
"","9","","ce0b5cff84c433cba621601645f129332f687bc3"
"","5","","ea84e826b7d4f09ba87b07c60fd5f44ab787c639"
"","2","","a3d4fed532b8abea7d60e6ec35b0861796bd7bdd"
"","6","","520c8a528d4c6edfc512d98fb06823b5b0ea7e99"
"","11","","0db5c26040a84eeb69283ba255fe5b21f17d3290"
"","1","","4c5c036286b815e843c48c30241589c3fb25e549"
"","2","","0bdccd45266e2c0fdf459d250460d318052246c1"
"","6","","0b3d04ace4aa0702d5dd66060478f75cfcc13438"
"","10","","235b0000c9f9bb12f7bb571419d16289e4a9e8a1"
"","6","","d7c5c7215c5db070492a25098288e2cb7620ec2f"
"","6","","aa6d628c8294ec401eeb311e29419d659ddd5f53"
"","5","","501fd388bd52729fa88ffa61cdef69958972925d"
"","47","","35918e1dd868f623cb4afdff798f08f0158a8f4b"
"","7","","d1be6833bb3fe1068f4f598027e2387518ce48c4"
"","21","","4cc4205d863b5bf54f8f4a6e2b46de13a2b9fe8b"
"","1","","f669690a707683d852b647612157cc95882ec6b5"
"","12","","fb92dbaece5ef0f9343b6ade9494e9c4191780bc"
"","3","","4febb67ac2a8b1d0305fb812097aee0a265b77e8"
"","2","","bebdcfaf316245ec26f0c8e124be37087657818d"
"","2","","43783612da79cea2d284fa4e8808a902666af429"
"","3","","fdba481ee5f46d00ca00ad45a3297e21dcbaae5f"
"","1","","0735431cd9f3f9f2f173c842daccceb918a8fcda"
"","1","","2a46ccddb4c7ecdd5952f90e09346890861fb05b"
"","5","","b8ed4ae7322bdd1150072f2ff9eafd6d358754cc"
"","1","","c5af54f8c4bc95fb46c7c730d81cec636a2b3874"
"","4","","7dc56be116a1a79c0cc72c6e49e6a40915c2341d"
"","2","","3c9bf71b0f546ce09d041f322cb735326b5f2483"
"","37","","1dee0ad03362d1c8a34bb77471218aee00691c20"
"","51","","52397bfc50c559632b02936fbaf966b6de5f37d7"
"","15","","e99e3609907a3381cb56ab297b433cec761525b4"
"","39","","54887b6755682a4fc13ca4ec49560047c8b168e0"
"","5","","072bca48c2f7936f3e20f38abd939d02fea00a0b"
"","1","","5cd50a7fe0df08495fc29901bcb3d7681ec78e83"
"inter/GetPassengerDTOs.py","4","","4973de33c2c38ad6f0e8b3dbacff7d92201cf3e3"
"","6","","28c3b37cbe823c4fbb4c51d11c820eb085fbfe7e"
"","52","","808c30208865ee23521c812057449456766b7d1a"
"","4","","94e141429324c989f2b1d77dbd6dcc116dc119ed"
"","2","","6e78ccdb6eade427d878dd94d4e80acd5a2bb8d9"
"","17","","c68cc016e04259d2bba36d96bc74377df071e66e"
"","1","","f4f0e7dfb3ac617c5148ccfd1558a01d5d706c68"
"","1","","ad8066972bafdd23890cb989d89c6d4e9cad8e0f"
"","5","","252ca4002c4378e8935048362a89b48f1a2ddcdf"
"","1","","cfebf48646f9cd75eb447a0ce3ed87064d7ac30d"
"","1","","ea84e826b7d4f09ba87b07c60fd5f44ab787c639"
"","18","","2f2d62af19ceaa78fb1295a254334759d61fbe45"
"yixing/requirements.txt","4","","54887b6755682a4fc13ca4ec49560047c8b168e0"
"12306login/run.py","9","","5cd50a7fe0df08495fc29901bcb3d7681ec78e83"
".idea/inspectionProfiles/profiles_settings.xml","0","","009b989a6468e49e0622ef4b58c2b1b78b380c8d"
"","7","","020500ca124475590e6e89657b595e60d257e9ac"
"config/getCookie.py","2","#537","663b07303cb9b5ee75f2e28262b0da469073a9f9"
"","10","","7ff3ac6d13f7878a7c7ee2fabcf3883272f90ad3"
"","2","","3708c4d84bf53c028de95903e7b6377252ac19f1"
"","10","","264f88a5650b87acdac459bd7ece0300d6c68bce"
"","1","","399f9b6626110f929c2f84105950d67c488b9d40"
"","5","","75da2b8c341b2948a91241b26614dda1b0fabb1c"
"","6","","6d7728b5a13875cd16e903ddcc22565a0ca2023e"
"","175","","ad55d8f709af8cc67f5cce7ca11fb5727003d0b5"
"","22","","7f711d02a69da1e04d66a680a9390d1a9b7185ec"
"verify/mlearn_for_image.py","20","","5fd9b8f8c9915e1b09eef414028886b14f431b05"
"","92","","d0d552a5af7152651e9a524fa73c6b4bb414b698"
"12306login/.idea/12306login.iml","11","","5cd50a7fe0df08495fc29901bcb3d7681ec78e83"
"12306login/.idea/codeStyleSettings.xml","11","","5cd50a7fe0df08495fc29901bcb3d7681ec78e83"
"12306login/myException/balanceException.py","2","","5cd50a7fe0df08495fc29901bcb3d7681ec78e83"
"12306login/init/__init__.py","0","","5cd50a7fe0df08495fc29901bcb3d7681ec78e83"
".idea/markdown-navigator.xml","72","","c7ca1507325939830c320cd7c25d9f127f69857c"
"","72","","0d4846e9baf6c82d1f7a68ddd383b2b9c69d2ff7"
"station_name.txt","2","","a495af88346a0d794493c6030f6a6207debb5824"
"","2","","9d70f8352d024daba2e364bbef7ba72963090440"
"","2","","1fa45c26b6d8da917b3c792d21a4ca771f59dacf"
"","2","","ebe3c721c1eb8ed8d3ab6eac467c44bff50dfc1f"
"","2","","2465d61554850a310732f14a006dc36e0ee9502e"
"","2","","3a5ef7e4058a34797eecd0e7d6cae56d47c60253"
".gitignore","1","","7fa578762b9f7cdbd7bd9d4862ac68035cbb48ca"
"","1","","808c30208865ee23521c812057449456766b7d1a"
"","1","","94e141429324c989f2b1d77dbd6dcc116dc119ed"
"","2","","a3d4fed532b8abea7d60e6ec35b0861796bd7bdd"
"","1","","01d54be85a733a9a5bcc91839929f347a5a3ce85"
"","1","","133606f1701b85a55d971c220e24c94d1561edaa"
"","1","","982ede537398a1c89786825c590a1ed2e680a557"
"","1","","f3a0135d939907941c29b4c634b20e2c34f014d2"
"","1","","9d82578d3a46394c39933215ba2068a1ce66f02a"
"","2","","150a2440fe96365e797dbf4f5dab44f06f74a5de"
"inter/LoginAysnSuggest.py","20","","b4c6c4f85888eb3ef1eb205b087037183fd24489"
"12306login/agency/agency_tools.py","77","","072bca48c2f7936f3e20f38abd939d02fea00a0b"
"myUrllib/httpUtils.py","23","","0cfefe239d4c544ff5929c3ef057de770ace8042"
"","16","","3708c4d84bf53c028de95903e7b6377252ac19f1"
"","4","","5fd9b8f8c9915e1b09eef414028886b14f431b05"
"","4","","399f9b6626110f929c2f84105950d67c488b9d40"
"","23","","0bb941364b9f831bcfb7026d80f087ef102cf276"
"","5","","75da2b8c341b2948a91241b26614dda1b0fabb1c"
"","5","","ad55d8f709af8cc67f5cce7ca11fb5727003d0b5"
"","1","","f86f4877cc31d250fa913262207b0734731c00a5"
"","7","","499f0fbda7e86a0f5433ea0fc51a1285e315f4d7"
"","2","","8a68530f38eb8109d0cd7c07552e85af1b535680"
"","7","","7f711d02a69da1e04d66a680a9390d1a9b7185ec"
"","1","","bd30d7e4570f33223aae11f37095025149da03e4"
"","1","","986db2386c577fbcd31b596bc634701d325a4642"
"","2","#253","ccde952432d5dd1f25f46c2ff01a8ff5ded52cf8"
"","5","","e2c645f7f724fd1f11044aceda2848f1af90d3bb"
"","2","","e736b0fd23f51046f454989ed5b34bbeac830861"
"","9","","ad8066972bafdd23890cb989d89c6d4e9cad8e0f"
"","7","","a9cf9c6c6ca7000b55ce914dc13f4c411d55a949"
"","2","","ac69e2c9e04e64fe60c7751cd37b9bd0ddcad293"
"","9","","fa85652febd8e7a58dfedee82aa6dc35aefbc238"
"","1","","46b6a72577ae7c51604dc52e5a53d5c7efee71c5"
"","7","","cf2e8f8ef68db2e7b0a0f6da20e9e6de00039631"
"","16","","c9de32463a7eb1a21dc097a64bd16ff6fcbbf1b0"
"","2","","b88834cdfc7be976ae5e1c5fab4eb57d3e3e76bf"
"","23","","7d263baa5694aa1737b68c2a1452e37156df048b"
"","3","","f07ec4d332c0411c1c826404b9e596b18377480a"
"","17","","520c8a528d4c6edfc512d98fb06823b5b0ea7e99"
"","5","","bd1a0fcaa371b5321ea2d9e8091d5e2fc08aed91"
"","9","","004b82831dbdbd2abcca0d37b22e67d80a04e7c0"
"","30","","f0fea7cba7e213df4c7c94ddf4b3b61c3d8dc5db"
"","1","","c1ce4e44692b8440ccbb577e77375e36f3f85509"
"","5","","01d54be85a733a9a5bcc91839929f347a5a3ce85"
"","19","","133606f1701b85a55d971c220e24c94d1561edaa"
"","38","","829ec1163e50fb60a1121c910be34ce717394616"
"","3","","7d402239735fa994acc5c998436fa0661b7291b5"
"","53","","34456df15140dc7602a16b30d3e45df8ec2777e9"
"","20","","d2148925250a9e259c1eb9312342f9366a859735"
"","20","","235b0000c9f9bb12f7bb571419d16289e4a9e8a1"
"","110","","aa6d628c8294ec401eeb311e29419d659ddd5f53"
"","54","","4430cd6ff871f1cdffc968a8e3e290a3e1b6c477"
"myUrllib/myurllib2.py","63","","43799d3b565d2a3798b2d7d618fcb6616774c44d"
"","12","","501fd388bd52729fa88ffa61cdef69958972925d"
"yixing/config/ticket_config.yaml","6","","9c55556a3cc1c79a918ac879b47782bc752b61d5"
"","15","","42704fe911ec77d9627ae8ba65ba02399455f05a"
"","8","","5bbc55ca4f6f8abc759eabe56575e3a170eec4c5"
"","24","","f3a0135d939907941c29b4c634b20e2c34f014d2"
"","31","","54887b6755682a4fc13ca4ec49560047c8b168e0"
"yixing/myUrllib/12306test.py","10","","54887b6755682a4fc13ca4ec49560047c8b168e0"
"12306login/agency/__init__.py","0","","072bca48c2f7936f3e20f38abd939d02fea00a0b"
"agency/agency_tools.py","2","","8458017498b05fdfe78f003e26e04b02bf0c6402"
"","19","","89ae08d130131ce06a7f4ab905b3750087783bd9"
"","44","","ad8066972bafdd23890cb989d89c6d4e9cad8e0f"
"","15","","ce0b5cff84c433cba621601645f129332f687bc3"
"","12","","9c95cc03c1522d086fff2e136ad6829275842209"
"","2","","d7f48500715245963ce8770fd6cf00e916b1780e"
"","6","","1dee0ad03362d1c8a34bb77471218aee00691c20"
"12306login/agency/proxy_list","900","","072bca48c2f7936f3e20f38abd939d02fea00a0b"
"12306login/myUrllib/__init__.py","0","","5cd50a7fe0df08495fc29901bcb3d7681ec78e83"
".idea/vcs.xml","6","","c7ca1507325939830c320cd7c25d9f127f69857c"
"","6","","020500ca124475590e6e89657b595e60d257e9ac"
".idea/modules.xml","8","","c7ca1507325939830c320cd7c25d9f127f69857c"
"","8","","020500ca124475590e6e89657b595e60d257e9ac"
"myUrllib/MySocketUtils.py","2","#253","ccde952432d5dd1f25f46c2ff01a8ff5ded52cf8"
"yixing/.idea/inspectionProfiles/profiles_settings.xml","7","","e9a532fc2258542c11ecfa88a4e0d6cfb2d7e2e1"
"yixing/12306.py","108","","54887b6755682a4fc13ca4ec49560047c8b168e0"
"","101","","c00aa9693558193fb9798dc044373f3dc44b29ee"
"inter/GetPassCodeNewOrderAndLogin.py","2","","04a2716b8e88e0b9bc67569b926730d42f0a9ae1"
"","3","","632c77388c3846bc20d82b5de29073a841eb8fb8"
"","3","","2a7c84f210e9e46a16f9ee72508d0d044af71356"
"","39","#253","ccde952432d5dd1f25f46c2ff01a8ff5ded52cf8"
"","4","","e2c645f7f724fd1f11044aceda2848f1af90d3bb"
"","2","","8458017498b05fdfe78f003e26e04b02bf0c6402"
"","7","","89ae08d130131ce06a7f4ab905b3750087783bd9"
"","2","","ad8066972bafdd23890cb989d89c6d4e9cad8e0f"
"","4","","e6ce310eca63bf0652101ef1e8509f179b785e62"
"","2","","0cc85766a4778167542f3ab90f6739937099a37b"
"","2","","806be00d3dd7baacade348dc1c4702571a34bae8"
"","18","","01f728c47e212c9091c334f3ee0348653ff526dc"
"","4","","b88834cdfc7be976ae5e1c5fab4eb57d3e3e76bf"
"inter/ConfirmSingleForQueue.py","1","","39e777e7e36939241e2742ef1e0659cebae4d74a"
"","3","","808c30208865ee23521c812057449456766b7d1a"
"","2","","271beb01700070e0342fc35588f4492fb881c49a"
"proxy_list","400","","0db5c26040a84eeb69283ba255fe5b21f17d3290"
"","0","","c5af54f8c4bc95fb46c7c730d81cec636a2b3874"
"Dockerfile37","74","","93c6db471ce520f383bd854a971d76386911a896"
"","2","","1d48e51a6b5b751a7f3204761e941a6aeec2f289"
"","6","","eab46652b182ac6fdd3ebb87cc89a8efb3c9b96a"
"","2","","e907e968f2141b3e2fd958c65c12cb7d89e28329"
"","6","","9c39e3dc7502eabd507ac0e41db8531d89d0cc28"
"","6","","9bceae4798a33b71ef7c6d2a6d3791e7145b8a3b"
"","53","","7ff3ac6d13f7878a7c7ee2fabcf3883272f90ad3"
"inter/GetSuccessRate.py","41","","808c30208865ee23521c812057449456766b7d1a"
"inter/CheckUser.py","4","","399f9b6626110f929c2f84105950d67c488b9d40"
"","7","","9b97c0e6b95181a3dd979252036e186fed53ed7c"
"","2","","7a26f8447a7d6b9fbeead349f2377fb26461b760"
"","8","","bd30d7e4570f33223aae11f37095025149da03e4"
"","3","","a78683bad29e67af19b16cb497b627c31eea1ce2"
"","2","","cfebf48646f9cd75eb447a0ce3ed87064d7ac30d"
"","31","","fa85652febd8e7a58dfedee82aa6dc35aefbc238"
"","2","","0e6f2ceee2c4e588ec491202fc59a43249270158"
"","2","","2465d61554850a310732f14a006dc36e0ee9502e"
"","9","","c9de32463a7eb1a21dc097a64bd16ff6fcbbf1b0"
"yixing/myException/PassengerUserException.py","2","","54887b6755682a4fc13ca4ec49560047c8b168e0"
".idea/codeStyleSettings.xml","3","","0d4846e9baf6c82d1f7a68ddd383b2b9c69d2ff7"
"12306login/init/login.py","102","","072bca48c2f7936f3e20f38abd939d02fea00a0b"
"","12","","c43dc1bab4b9ab423837ed5f2dcbe91c9d083930"
"","176","","5cd50a7fe0df08495fc29901bcb3d7681ec78e83"
"config/pushbearConf.py","4","","689e018f543529783d26a1067ef6f19f9f864d95"
"","10","","808c30208865ee23521c812057449456766b7d1a"
"","2","","ae91368a261558ef4d572d825161fc011797c045"
"","22","","e736b0fd23f51046f454989ed5b34bbeac830861"
"","2","","3da74df99c8c1548ff90a9a488c19e9253d71c7c"
"","26","","1c5ba95ff879154e9e8d75a6e54b3a02099be5a5"
"","0","","bc88a9e067c67a6efc68d8e349d1a8206773da21"
".idea/markdown-navigator/profiles_settings.xml","3","","c7ca1507325939830c320cd7c25d9f127f69857c"
"","3","","0d4846e9baf6c82d1f7a68ddd383b2b9c69d2ff7"
"yixing/tiket.py","140","","54887b6755682a4fc13ca4ec49560047c8b168e0"
"","42","","c00aa9693558193fb9798dc044373f3dc44b29ee"
"inter/ConfirmHB.py","5","","dba8fe0a5394eff5477a93c148bbddaef240eb88"
"","4","","8a68530f38eb8109d0cd7c07552e85af1b535680"
"","43","","808c30208865ee23521c812057449456766b7d1a"
"init/SelectTicketInfoFast.py","11","","009b989a6468e49e0622ef4b58c2b1b78b380c8d"
"Dockerfile","17","","9fa568e93b84a16ac043d518cd9bf593963580f1"
"","2","","7518d21c60ec6c9af19ed4672f38817c7184aca0"
"","3","","9b11f95715dea618efcab743e88742b9b508a154"
"","2","","de76b2c8aba972129d860993a084bf266857fbc6"
"","2","","806be00d3dd7baacade348dc1c4702571a34bae8"
"","13","","8bd487201aa8342d42cbee93eaf07b350c6ced3a"
"yixing/.idea/misc.xml","33","","e9a532fc2258542c11ecfa88a4e0d6cfb2d7e2e1"
"filter_cdn_list","747","","88a19416bcfbbd625db04b381adf2b7a00e0b704"
"","564","","4973de33c2c38ad6f0e8b3dbacff7d92201cf3e3"
"utils/__init__.py","0","","ba618e1c43790793f9f723c45ef6e6c73f3325c1"
"","0","","978ca34df22d9120eccc9dbfe1d2befab98c69c5"
"yixing/myUrllib/myurllib2.py","14","","54887b6755682a4fc13ca4ec49560047c8b168e0"
"Update.md","4","","5fd9b8f8c9915e1b09eef414028886b14f431b05"
"","5","","399f9b6626110f929c2f84105950d67c488b9d40"
"","3","","dba8fe0a5394eff5477a93c148bbddaef240eb88"
"","4","","7a26f8447a7d6b9fbeead349f2377fb26461b760"
"","5","","6d9ebc9b8acf78c55c93127396ed63583abe7353"
"","5","","28c3b37cbe823c4fbb4c51d11c820eb085fbfe7e"
"","6","","808c30208865ee23521c812057449456766b7d1a"
"","5","#288","c5c9450ef58b56998510b9cedec21e6edadc3461"
"","3","","bd30d7e4570f33223aae11f37095025149da03e4"
"","3","","fd2f691ce3a539c460ecbabc79f4f7af8591f43b"
"","3","","8a39a1753c92bec88d3a80b8da41562b6b1f2980"
"","2","","6e78ccdb6eade427d878dd94d4e80acd5a2bb8d9"
"","6","","e736b0fd23f51046f454989ed5b34bbeac830861"
"","3","","c68cc016e04259d2bba36d96bc74377df071e66e"
"","1","","ad8066972bafdd23890cb989d89c6d4e9cad8e0f"
"","2","","4d07e5369a27b689ade0997efe5ec354c279154c"
"","5","","57f223126e4bc3be9f41c6b66a725ae561c12332"
"","5","","cf2e8f8ef68db2e7b0a0f6da20e9e6de00039631"
"","7","","2f2d62af19ceaa78fb1295a254334759d61fbe45"
"","4","","a24fe57901d77d527b05e5765990410bce75291f"
