project,6_e_Total_InstanceCount,6_p_Total_InstanceCount,6_e_Total_DistinctFileCount,6_p_Total_DistinctFileCount,6_e_UnstableInterface_InstanceCount,6_p_UnstableInterface_InstanceCount,6_e_UnstableInterface_DistinctFileCount,6_p_UnstableInterface_DistinctFileCount,6_e_UnhealthyInheritance_InstanceCount,6_p_UnhealthyInheritance_InstanceCount,6_e_UnhealthyInheritance_DistinctFileCount,6_p_UnhealthyInheritance_DistinctFileCount,6_e_Clique_InstanceCount,6_p_Clique_InstanceCount,6_e_Clique_DistinctFileCount,6_p_Clique_DistinctFileCount,6_e_Crossing_InstanceCount,6_p_Crossing_InstanceCount,6_e_Crossing_DistinctFileCount,6_p_Crossing_DistinctFileCount,6_e_PackageCycle_InstanceCount,6_p_PackageCycle_InstanceCount,6_e_PackageCycle_DistinctFileCount,6_p_PackageCycle_DistinctFileCount,6_e_ModularityViolation_InstanceCount,6_p_ModularityViolation_InstanceCount,6_e_ModularityViolation_DistinctFileCount,6_p_ModularityViolation_DistinctFileCount
12306,7,14,27,38,1,2,20,30,0,0,0,0,0,1,0,14,0,2,0,28,2,5,8,24,4,4,17,17
Agriculture_KnowledgeGraph,4,4,14,12,0,0,0,0,0,0,0,0,0,1,0,2,0,0,0,0,2,2,8,8,2,1,6,4
aiohttp,44,63,125,125,10,17,124,125,4,5,21,32,1,3,7,31,16,23,79,98,0,1,0,91,13,14,111,111
airflow,98,153,636,704,19,27,576,605,9,17,124,190,1,3,46,82,12,18,127,200,22,50,174,313,35,38,209,207
akshare,7,7,76,76,1,1,68,68,0,0,0,0,0,0,0,0,0,0,0,0,1,1,3,3,5,5,21,21
albumentations,10,14,32,39,0,1,0,38,1,1,3,4,1,2,2,6,1,2,11,23,4,4,16,16,3,4,21,21
algo,0,0,0,0,0,0,0,0,0,0,0,0,0,0,0,0,0,0,0,0,0,0,0,0,0,0,0,0
algorithms,5,5,10,10,0,0,0,0,0,0,0,0,0,0,0,0,0,0,0,0,0,0,0,0,5,5,10,10
allennlp,105,116,399,403,21,23,340,340,18,23,74,88,4,2,13,31,19,22,174,186,22,25,121,129,21,21,194,194
allura,129,185,431,456,27,41,414,438,13,16,64,98,3,4,61,85,29,50,236,291,18,37,107,130,39,37,219,215
AlphaPose,6,10,17,24,0,0,0,0,2,2,6,6,1,2,2,4,0,0,0,0,2,5,9,19,1,1,2,2
altair,17,18,78,79,2,2,60,60,2,3,15,27,0,0,0,0,2,2,31,33,1,1,7,7,10,10,32,32
androguard,20,42,72,73,4,7,72,72,2,3,8,18,0,1,0,40,4,14,24,60,4,11,12,33,6,6,47,46
angr,185,305,651,730,20,42,527,611,20,37,65,125,11,2,29,212,27,62,260,478,55,115,276,397,52,47,250,232
anki,62,107,205,206,18,32,158,158,2,8,6,29,2,1,81,111,22,40,127,140,7,14,111,165,11,12,99,96
ansible,240,354,1657,2410,14,26,765,1624,18,30,240,314,4,13,29,152,17,28,302,403,23,95,227,1110,164,162,1195,1189
apex,10,16,33,62,0,0,0,0,2,4,6,27,1,3,2,7,0,1,0,8,3,5,19,27,4,3,9,9
apistar,5,6,15,17,0,0,0,0,0,0,0,0,0,1,0,3,0,0,0,0,2,2,13,15,3,3,7,7
apprise,20,29,119,123,4,5,93,93,2,3,10,22,0,1,0,2,3,5,20,54,4,8,93,95,7,7,72,72
apscheduler,16,17,43,43,4,4,38,38,4,4,22,22,1,2,6,8,0,0,0,0,3,3,19,19,4,4,14,14
ArchiveBox,31,31,84,84,7,7,73,73,0,0,0,0,1,1,41,42,5,5,49,50,12,12,67,67,6,6,34,33
asm-dude,5,6,11,11,0,0,0,0,0,0,0,0,4,5,8,10,0,0,0,0,0,0,0,0,1,1,3,2
astroquery,32,41,161,170,6,7,140,144,0,1,0,4,0,1,0,2,1,2,8,42,3,8,14,25,22,22,96,95
asyncpg,7,12,25,40,0,1,0,39,0,1,0,3,0,1,0,6,0,1,0,28,0,0,0,0,7,8,25,21
attrs,7,8,30,31,2,2,29,29,0,0,0,0,0,1,0,3,1,1,16,16,0,0,0,0,4,4,14,13
dagster,404,503,1220,1249,48,60,1071,1088,32,41,181,230,10,10,218,299,121,147,734,790,88,138,351,402,105,107,657,649
DAIN,3,3,15,15,0,0,0,0,0,0,0,0,0,0,0,0,0,0,0,0,3,3,15,15,0,0,0,0
darkflow,2,8,5,26,0,0,0,0,1,1,3,3,0,1,0,21,0,0,0,0,1,6,3,20,0,0,0,0
dash,12,19,37,105,0,3,0,68,2,4,7,49,1,1,2,12,0,1,0,39,2,4,20,27,7,6,24,21
dask,102,122,207,220,30,32,203,203,7,7,75,123,1,1,64,80,40,49,179,183,13,21,81,141,11,12,156,156
datasets,49,60,468,484,6,8,450,454,4,6,20,35,2,1,12,38,8,9,58,71,3,11,42,88,26,25,113,112
datasette,15,21,60,64,3,4,58,63,2,2,9,14,0,1,0,14,2,4,29,47,1,2,10,23,7,8,38,38
deap,3,5,11,12,0,0,0,0,0,0,0,0,0,0,0,0,0,0,0,0,1,2,3,8,2,3,8,7
DeDRM_tools,4,7,12,48,0,1,0,47,0,0,0,0,0,1,0,2,0,0,0,0,0,1,0,4,4,4,12,12
deep-learning-for-image-processing,7,9,17,31,0,0,0,0,0,0,0,0,1,1,2,3,0,0,0,0,0,2,0,18,6,6,15,15
DeepCTR,13,13,91,91,7,7,91,91,0,0,0,0,1,1,2,2,2,2,23,23,0,0,0,0,3,3,66,66
DeepFaceLab,15,18,61,63,5,6,58,61,0,0,0,0,1,1,2,2,2,3,20,29,2,3,6,9,5,5,29,29
DeepPavlov,31,44,176,188,4,4,145,145,5,7,14,17,1,3,2,10,4,4,29,29,6,14,33,58,11,12,80,80
DeepSpeed,30,44,92,106,2,2,63,63,4,5,16,24,0,4,0,31,4,7,28,51,15,20,49,57,5,6,20,17
deis,5,9,44,49,1,1,44,44,0,0,0,0,0,1,0,2,1,2,10,21,0,2,0,7,3,3,23,23
deluge,65,107,252,261,21,25,238,238,6,11,69,115,5,4,12,92,10,30,130,158,6,20,39,155,17,17,178,178
deoplete.nvim,7,11,33,33,2,2,32,32,0,1,0,2,0,1,0,2,0,0,0,0,0,2,0,11,5,5,25,25
Detectron,11,14,66,71,2,2,33,33,0,0,0,0,0,1,0,7,0,1,0,10,7,8,51,57,2,2,4,4
detectron2,88,102,266,277,16,18,205,206,14,16,80,83,0,1,0,46,21,24,129,138,15,21,88,109,22,22,64,62
diagrams,2,2,4,4,0,0,0,0,0,0,0,0,0,0,0,0,0,0,0,0,0,0,0,0,2,2,4,4
dirsearch,19,39,167,181,3,4,121,121,6,10,21,26,2,3,16,61,3,7,34,55,2,12,22,50,3,3,19,19
discord.py,56,69,93,102,12,16,80,80,6,8,25,29,3,1,38,59,27,31,78,80,2,7,26,70,6,6,63,63
django-allauth,45,48,284,285,13,14,282,282,1,1,7,9,2,2,9,12,11,13,199,203,3,4,22,23,15,14,86,86
django-cms,94,120,276,285,23,29,272,277,4,6,25,37,2,1,46,64,22,34,173,190,18,27,89,114,25,23,155,152
django-crispy-forms,8,8,25,25,1,1,23,23,1,1,7,7,1,1,6,6,1,1,12,13,1,1,6,6,3,3,18,18
django-extensions,15,18,152,156,2,2,146,146,3,3,10,11,0,0,0,0,1,1,17,17,0,3,0,26,9,9,80,80
django-haystack,31,40,124,124,11,14,122,124,3,5,16,25,0,1,0,13,8,10,63,79,2,3,24,29,7,7,93,93
django-oscar,29,74,273,357,5,14,268,329,3,14,10,67,1,2,2,17,1,12,24,144,1,17,4,71,18,15,90,80
django-rest-framework,31,51,111,118,11,12,107,107,1,9,11,27,0,2,0,41,7,11,78,90,4,9,43,108,8,8,60,59
django-tastypie,17,22,103,107,2,2,102,102,1,1,3,7,0,1,0,5,4,5,43,47,3,6,21,51,7,7,35,33
DjangoBlog,17,19,62,62,3,3,61,61,0,0,0,0,1,1,3,3,0,1,0,12,9,11,35,38,4,3,25,24
doccano,4,5,28,33,1,1,21,21,0,0,0,0,0,1,0,4,0,0,0,0,2,2,10,17,1,1,2,2
docker-py,31,48,109,112,8,9,104,106,0,12,0,26,0,3,0,15,6,8,77,83,5,5,40,40,12,11,55,54
docker-stacks,1,2,3,19,0,1,0,18,0,0,0,0,0,0,0,0,0,0,0,0,0,0,0,0,1,1,3,3
docutils,42,65,184,197,6,9,176,177,3,7,8,20,1,1,2,38,3,8,103,121,4,15,27,70,25,25,116,115
dotbot,0,1,0,6,0,0,0,0,0,0,0,0,0,0,0,0,0,0,0,0,0,1,0,6,0,0,0,0
dowhy,15,16,60,67,1,2,40,48,1,1,3,3,1,1,7,7,0,1,0,11,5,5,36,41,7,6,26,24
dvc,146,175,378,393,28,37,344,352,15,18,134,180,2,1,127,166,33,42,261,295,32,42,197,230,36,35,235,233
dymos,11,18,106,146,1,2,96,139,0,2,0,8,0,1,0,4,0,1,0,51,5,7,22,24,5,5,45,43
easytrader,5,7,21,23,1,1,19,19,0,1,0,3,0,1,0,3,0,1,0,9,0,0,0,0,4,3,19,18
edgedb,166,226,336,355,44,53,329,330,21,29,92,110,6,4,85,136,56,66,252,270,17,52,113,263,22,22,195,193
Eel,1,1,3,3,0,0,0,0,0,0,0,0,0,0,0,0,0,0,0,0,0,0,0,0,1,1,3,3
eht-imaging,23,31,55,59,3,4,49,51,0,0,0,0,1,1,9,15,4,10,33,43,8,8,42,43,7,8,31,30
elastalert,5,8,23,27,1,1,22,22,1,1,3,4,0,1,0,6,0,1,0,14,0,1,0,24,3,3,15,14
elasticsearch-dsl-py,14,23,31,50,1,3,28,29,4,5,17,25,1,1,4,18,3,8,23,29,1,2,8,37,4,4,11,11
elasticsearch-py,14,14,112,112,3,3,106,106,0,0,0,0,0,0,0,0,1,1,44,44,3,3,50,50,7,7,51,51
electrum,101,142,216,231,27,32,194,198,14,23,92,120,2,2,77,151,32,43,177,182,7,21,101,173,19,21,99,93
emissary,48,72,140,153,10,12,123,123,7,9,78,86,1,2,7,74,14,18,120,123,9,24,58,80,7,7,62,60
espnet,148,170,552,579,19,26,434,507,27,28,121,135,2,2,5,27,20,24,216,234,16,26,109,141,64,64,282,282
esptool,6,14,27,40,1,2,16,32,1,3,13,23,0,1,0,2,0,1,0,11,0,3,0,14,4,4,15,15
EverydayWechat,11,11,30,30,1,1,26,26,0,0,0,0,0,0,0,0,1,1,10,10,5,5,10,10,4,4,11,11
explainshell,2,4,8,13,0,0,0,0,0,0,0,0,0,1,0,2,0,1,0,8,1,1,4,6,1,1,4,3
fabric,5,8,19,27,0,0,0,0,0,0,0,0,0,1,0,3,0,1,0,12,0,1,0,6,5,5,19,19
facenet,4,4,8,8,0,0,0,0,0,0,0,0,0,0,0,0,0,0,0,0,0,0,0,0,4,4,8,8
faceswap,27,69,142,162,8,13,142,147,0,5,0,22,1,2,5,62,1,12,16,80,3,23,17,78,14,14,64,59
fail2ban,30,40,72,73,6,9,70,72,6,8,23,35,2,1,13,56,6,9,48,54,1,4,27,62,9,9,58,56
fairseq,91,147,405,461,17,27,357,371,13,21,45,76,3,4,22,107,11,22,136,195,20,48,136,214,27,25,131,129
faker,38,42,390,394,10,13,389,389,0,1,0,19,0,0,0,0,0,2,0,48,1,3,6,11,27,23,104,101
falcon,31,46,171,176,10,14,170,173,1,4,4,14,0,1,0,4,7,11,79,122,2,5,28,65,11,11,83,82
fastapi,21,23,85,156,0,1,0,134,2,2,8,8,0,0,0,0,1,1,13,92,3,4,19,24,15,15,68,68
FATE,98,140,354,589,8,9,155,184,18,31,66,321,0,8,0,51,9,12,66,85,40,58,199,254,23,22,89,87
faust,98,136,205,221,17,20,184,193,9,23,44,82,3,3,13,61,27,36,135,158,21,34,87,101,21,20,103,102
featuretools,37,40,114,117,9,10,107,110,1,1,6,7,3,2,7,15,9,12,53,69,7,7,23,23,8,8,62,61
flair,17,29,56,62,1,2,37,41,4,6,29,34,1,2,3,18,2,3,18,25,3,9,27,37,6,7,23,23
Flashlight,18,27,72,100,1,1,18,18,7,8,39,44,4,6,20,43,1,1,8,8,2,8,20,48,3,3,7,7
flask,16,28,52,56,2,4,52,54,0,2,0,13,1,1,5,11,3,9,21,42,1,2,8,40,9,10,40,40
flask-admin,18,30,59,73,2,4,43,67,5,10,20,32,1,2,3,7,2,3,25,33,1,5,10,21,7,6,28,26
Flask-AppBuilder,42,65,101,128,2,9,71,103,5,11,20,45,2,3,4,37,7,8,59,64,11,18,50,68,15,16,62,61
flask-sqlalchemy,1,3,17,17,1,1,17,17,0,0,0,0,0,1,0,3,0,0,0,0,0,1,0,3,0,0,0,0
flocker,62,83,193,224,8,12,145,177,3,5,10,16,1,1,8,62,10,15,107,129,7,18,50,98,33,32,106,104
flower,9,14,21,29,0,2,0,28,1,1,3,3,0,1,0,2,0,1,0,15,3,4,16,22,5,5,17,16
fluo-muchos,3,3,7,7,0,0,0,0,1,1,3,3,0,0,0,0,0,0,0,0,0,0,0,0,2,2,4,4
folium,12,15,57,62,2,3,57,57,1,2,6,8,1,1,2,6,2,2,14,24,0,1,0,32,6,6,39,39
formspree,9,10,25,26,1,2,18,22,0,0,0,0,1,1,12,12,2,2,15,15,3,3,15,15,2,2,13,13
freqtrade,71,79,159,172,11,13,138,146,5,6,20,40,2,1,7,48,15,16,116,120,17,23,71,86,21,20,91,88
full-stack-fastapi-postgresql,5,6,34,38,1,2,32,38,0,0,0,0,0,0,0,0,0,0,0,0,2,2,7,7,2,2,6,6
gajim,52,124,187,197,10,28,158,172,8,15,25,51,3,3,9,133,8,40,98,141,7,23,146,174,16,15,98,95
gallery-dl,22,34,181,186,3,4,107,108,4,5,13,27,0,1,0,25,1,5,14,103,3,7,160,181,11,12,80,78
Games,1,1,2,2,0,0,0,0,0,0,0,0,0,1,0,2,0,0,0,0,0,0,0,0,1,0,2,0
GamestonkTerminal,18,27,85,102,2,2,51,51,0,0,0,0,1,4,2,10,1,2,12,16,13,18,39,58,1,1,2,2
gensim,85,122,369,478,6,7,153,154,32,42,145,187,9,2,90,203,5,7,44,57,16,49,128,265,17,15,97,96
gensim-old,37,48,109,111,7,8,107,108,3,7,38,42,2,2,5,32,8,10,51,58,4,8,20,54,13,13,70,70
geopy,16,16,80,80,5,5,79,79,4,4,12,14,0,0,0,0,1,1,35,36,0,0,0,0,6,6,61,61
ggpy,7,11,43,74,1,2,20,53,0,0,0,0,0,1,0,3,1,1,14,30,2,5,33,64,3,2,20,19
gitsome,21,36,114,149,3,4,50,50,2,2,7,8,3,1,28,98,2,9,14,42,11,20,97,135,0,0,0,0
gixy,4,5,16,17,0,0,0,0,1,1,4,5,1,1,3,3,0,0,0,0,2,3,12,14,0,0,0,0
glance,21,36,98,98,7,10,97,97,1,2,3,9,0,1,0,3,4,10,61,88,1,4,16,69,8,9,77,76
glances,19,38,102,106,6,9,97,97,0,3,0,9,0,2,0,7,3,9,54,86,2,7,23,91,8,8,77,77
gluon-cv,56,84,230,306,4,5,180,199,5,6,31,48,1,2,3,102,8,9,117,123,17,42,49,133,21,20,71,69
gmvault,9,13,33,33,1,2,32,32,0,0,0,0,0,1,0,2,3,4,20,23,0,0,0,0,5,6,18,17
Gooey,10,14,56,65,0,0,0,0,1,2,3,7,1,2,2,4,0,0,0,0,4,6,50,58,4,4,8,8
google-api-python-client,14,19,71,73,3,4,71,71,0,1,0,3,2,3,5,9,2,3,32,35,0,1,0,21,7,7,27,27
gpodder,7,28,78,92,0,5,0,87,0,2,0,5,0,2,0,29,0,7,0,58,2,6,17,56,5,6,76,76
gradio,6,9,51,59,0,1,0,58,0,0,0,0,0,1,0,2,0,1,0,46,0,0,0,0,6,6,51,51
graphene,37,52,106,109,11,12,103,103,4,8,11,22,4,7,13,19,9,12,55,60,0,2,0,62,9,11,50,50
graphene-django,17,27,70,79,2,2,65,65,2,4,9,13,1,3,4,10,1,1,24,27,1,8,3,35,10,9,29,27
great_expectations,159,193,582,597,35,40,542,542,24,30,156,206,3,3,74,116,39,46,360,396,23,41,125,200,35,33,265,262
guake,4,13,20,29,0,2,0,28,0,1,0,3,0,1,0,12,0,5,0,23,0,0,0,0,4,4,20,18
gunicorn,10,25,37,54,0,2,0,47,1,3,2,7,0,2,0,9,0,4,0,31,1,6,7,30,8,8,33,32
gym,18,31,100,112,4,4,96,96,2,3,13,25,0,2,0,5,1,2,11,20,2,11,12,64,9,9,51,51
h4cker,0,0,0,0,0,0,0,0,0,0,0,0,0,0,0,0,0,0,0,0,0,0,0,0,0,0,0,0
haipproxy,1,1,3,3,0,0,0,0,1,1,3,3,0,0,0,0,0,0,0,0,0,0,0,0,0,0,0,0
HanLP,22,41,146,172,1,1,77,77,12,15,73,86,0,4,0,15,1,1,19,19,6,18,27,76,2,2,9,9
haxor-news,0,0,0,0,0,0,0,0,0,0,0,0,0,0,0,0,0,0,0,0,0,0,0,0,0,0,0,0
healthchecks,18,21,227,228,4,5,225,225,0,0,0,0,1,1,3,6,1,1,78,84,2,4,11,21,10,10,87,87
home-assistant,244,345,1120,1424,26,31,884,927,25,30,210,311,6,13,25,222,38,47,667,742,33,108,249,768,116,116,508,502
horizon,100,138,461,513,12,19,428,457,8,16,68,130,2,6,10,53,17,23,240,279,12,26,61,120,49,48,271,267
horovod,26,54,96,154,1,3,50,52,4,12,17,60,3,7,8,41,2,6,17,47,5,16,30,83,11,10,34,32
httpie,17,28,56,65,3,6,40,54,1,3,4,24,1,1,2,21,1,3,13,28,4,8,28,57,7,7,37,36
httpx,15,18,47,49,2,4,47,47,2,2,9,9,1,1,4,12,1,2,17,34,1,2,11,21,8,7,33,30
huey,6,12,21,36,0,1,0,28,0,2,0,5,0,1,0,4,1,2,14,22,0,1,0,6,5,5,15,13
hug,12,17,48,89,0,2,0,88,1,1,3,3,0,1,0,2,1,2,13,31,0,0,0,0,10,11,45,45
hy,13,14,29,29,3,3,26,26,1,1,6,6,1,2,3,5,4,4,20,20,1,1,10,10,3,3,26,26
hydra,53,58,191,193,6,6,146,146,10,11,69,73,5,5,27,28,6,7,57,61,9,12,40,59,17,17,77,77
hyperopt,15,19,52,52,3,3,52,52,1,3,3,11,1,2,2,11,2,4,25,29,0,1,0,14,8,6,30,28
hypothesis,70,88,363,374,24,26,354,357,4,7,38,57,1,1,49,59,21,26,269,274,8,16,73,225,12,12,327,327
igbot,17,24,89,99,1,4,71,94,0,0,0,0,0,1,0,3,0,2,0,85,1,2,3,12,15,15,75,75
ignite,63,70,193,197,14,15,180,180,7,8,50,59,1,3,6,10,11,11,122,122,5,8,23,48,25,25,139,139
imagededup,6,6,18,18,0,0,0,0,0,0,0,0,0,0,0,0,0,0,0,0,0,0,0,0,6,6,18,18
imbalanced-learn,27,35,104,104,7,8,99,99,3,3,15,15,0,0,0,0,2,7,12,44,6,8,28,31,9,9,61,61
imgaug,36,50,102,116,7,13,92,93,4,4,27,56,1,1,20,25,12,17,73,85,3,4,35,37,9,11,59,59
impacket,78,98,247,259,22,25,232,244,10,11,101,139,1,2,12,32,21,27,108,168,7,16,72,178,17,17,162,162
imutils,1,1,2,2,0,0,0,0,0,0,0,0,0,0,0,0,0,0,0,0,0,0,0,0,1,1,2,2
infrastructure-puppet,0,3,0,8,0,0,0,0,0,0,0,0,0,1,0,2,0,0,0,0,0,2,0,8,0,0,0,0
insightface,9,18,57,70,0,0,0,0,0,3,0,9,1,3,3,12,0,0,0,0,6,10,49,56,2,2,6,6
InstaPy,6,9,29,32,1,1,29,29,0,0,0,0,0,1,0,16,1,2,23,25,0,1,0,17,4,4,19,19
inter,0,0,0,0,0,0,0,0,0,0,0,0,0,0,0,0,0,0,0,0,0,0,0,0,0,0,0,0
invoke,16,27,67,80,4,7,66,66,0,2,0,8,0,1,0,14,3,5,27,37,2,5,11,42,7,7,34,33
ipython,56,84,236,255,10,14,210,215,1,5,3,18,3,1,23,76,13,19,118,137,9,24,105,157,20,21,109,105
isort,12,14,48,67,1,1,44,44,0,0,0,0,0,1,0,2,3,3,34,34,1,2,5,51,7,7,26,26
jax,78,91,219,224,16,18,198,199,4,5,23,27,4,1,12,38,17,19,99,108,12,23,78,104,25,25,142,142
jieba,7,7,29,29,0,0,0,0,1,1,3,3,0,0,0,0,1,1,16,16,1,1,3,3,4,4,21,21
jsonschema,7,9,21,23,2,2,21,21,0,0,0,0,0,1,0,8,1,1,16,17,0,1,0,15,4,4,16,15
jumpgate,5,8,17,46,0,2,0,42,0,1,0,3,0,0,0,0,0,1,0,10,0,0,0,0,5,4,17,16
jumpserver,100,127,416,439,11,13,365,375,6,10,31,51,5,3,38,85,16,21,150,193,31,50,127,174,31,30,145,142
kafka-python,28,42,92,100,2,4,64,80,4,7,17,30,1,3,2,19,4,7,42,54,8,14,48,68,9,7,36,33
KaraKara,13,17,57,59,1,1,29,29,1,2,28,35,0,1,0,2,0,0,0,0,2,3,8,12,9,10,33,33
keras,54,60,143,158,11,12,138,140,5,5,34,85,2,1,7,31,9,10,87,92,8,13,45,91,19,19,95,95
keras-retinanet,15,20,38,45,2,3,28,40,0,1,0,10,1,1,2,2,3,3,24,27,0,3,0,19,9,9,29,29
keras-rl,3,8,8,31,0,2,0,26,0,1,0,10,0,0,0,0,0,2,0,16,1,1,3,3,2,2,5,5
kibble,1,1,3,3,0,0,0,0,0,0,0,0,0,0,0,0,0,0,0,0,0,0,0,0,1,1,3,3
kinto,36,72,161,162,11,19,160,161,3,8,22,42,0,1,0,27,5,15,65,135,6,18,33,90,11,11,130,130
kitty,71,82,161,170,12,15,123,131,5,6,30,40,1,1,53,83,14,18,97,112,25,30,120,148,14,12,56,52
kivy,97,145,310,368,24,26,291,292,13,23,46,85,2,4,30,73,20,29,197,225,14,40,107,264,24,23,153,150
knowledge-repo,20,26,77,85,3,6,68,76,1,2,2,7,2,1,18,24,2,4,40,55,6,7,43,50,6,6,23,21
koalas,35,45,81,84,7,10,74,74,3,4,16,30,1,1,22,24,10,13,49,62,7,8,38,41,7,9,48,48
kornia,40,53,220,229,7,9,217,218,3,4,10,17,0,2,0,12,6,9,37,58,6,11,36,50,18,18,177,177
kube-hunter,13,20,57,57,3,3,51,51,1,2,9,15,2,4,4,9,1,3,10,16,2,4,7,22,4,4,19,18
label-studio,53,64,117,119,7,7,91,91,0,1,0,3,1,1,15,25,9,12,65,76,31,38,81,89,5,5,30,29
labelme,6,8,24,27,0,0,0,0,0,0,0,0,0,1,0,6,0,1,0,19,3,4,16,18,3,2,10,8
Lasagne,9,10,45,46,2,2,38,38,2,2,15,18,0,1,0,3,1,1,10,10,1,1,21,21,3,3,13,13
LaZagne,19,24,111,142,2,4,95,118,2,2,6,6,1,1,12,12,0,1,0,11,4,7,27,50,10,9,65,63
lbry-sdk,71,98,151,178,10,16,107,130,5,10,15,35,2,1,5,89,16,19,100,111,26,39,88,127,12,13,43,40
lektor,19,31,71,72,4,6,68,69,2,3,6,14,0,1,0,30,2,12,28,58,5,5,31,40,6,4,27,25
libcloud,65,78,270,337,13,13,185,185,16,17,165,225,0,2,0,13,5,7,94,104,7,15,54,187,24,24,93,93
librosa,15,15,65,65,4,4,63,63,0,0,0,0,0,0,0,0,1,1,13,13,3,3,24,24,7,7,47,47
linkchecker,37,57,136,186,8,11,125,127,5,7,17,54,2,2,19,73,7,13,57,87,5,14,42,104,10,10,91,90
livestreamer,11,16,49,63,0,0,0,0,2,4,20,32,0,1,0,2,0,0,0,0,2,4,19,27,7,7,19,18
localstack,101,108,209,219,14,15,179,179,6,6,45,46,3,1,32,55,16,19,111,137,43,49,121,164,19,18,82,82
locust,19,33,68,76,4,8,62,67,1,2,3,8,0,1,0,17,4,8,41,45,4,8,17,53,6,6,37,35
loguru,7,11,56,62,2,3,51,62,0,0,0,0,0,1,0,4,0,1,0,27,0,0,0,0,5,6,28,27
luigi,31,40,170,180,9,10,147,155,6,9,26,37,0,3,0,19,2,3,32,48,4,5,46,67,10,10,78,77
lutris,51,79,159,173,8,11,135,146,5,9,17,34,2,2,6,69,8,18,101,125,17,25,104,119,11,14,82,82
magenta,29,58,312,312,9,15,304,304,7,8,40,56,0,5,0,11,3,12,28,113,1,9,6,39,9,9,258,258
magic-wormhole,14,29,66,81,3,3,58,58,0,1,0,5,0,2,0,31,3,12,25,54,2,6,24,60,6,5,22,20
mailinabox,5,5,9,9,0,0,0,0,0,0,0,0,1,1,6,6,2,2,7,7,0,0,0,0,2,2,4,4
Mailpile,73,103,108,117,11,17,97,104,9,13,30,56,3,1,37,77,19,30,85,97,16,28,97,105,15,14,56,51
maltrail,6,7,88,88,2,2,88,88,0,0,0,0,0,0,0,0,2,2,72,72,0,1,0,6,2,2,72,72
manim,53,64,88,94,14,14,79,79,5,7,33,46,3,2,9,33,11,16,65,70,12,17,70,84,8,8,25,22
maskrcnn-benchmark,3,8,13,39,0,0,0,0,0,0,0,0,0,2,0,31,0,0,0,0,1,4,8,15,2,2,5,5
material-theme,0,0,0,0,0,0,0,0,0,0,0,0,0,0,0,0,0,0,0,0,0,0,0,0,0,0,0,0
matplotlib,126,172,421,513,25,36,350,364,16,21,75,243,4,3,55,102,36,53,224,284,6,21,77,159,39,38,312,310
meshroom,13,22,49,51,1,3,21,36,0,0,0,0,1,2,3,12,1,4,13,32,1,4,6,17,9,9,32,31
metaflow,27,35,94,112,3,4,54,67,2,3,18,24,2,2,34,63,2,3,24,33,13,16,70,81,5,7,21,20
microk8s,5,8,19,24,0,0,0,0,1,2,3,5,0,1,0,4,0,0,0,0,1,2,7,9,3,3,13,11
mimesis,25,29,84,85,6,7,83,83,1,1,6,10,0,0,0,0,7,13,39,62,1,1,30,30,10,7,58,55
mindsdb,33,40,196,197,10,11,192,193,1,1,17,17,1,2,9,22,3,4,30,41,4,8,17,42,14,14,104,104
mininet,19,24,59,59,7,7,59,59,3,4,10,12,0,2,0,14,2,4,44,51,0,1,0,48,7,6,34,34
MITMf,7,7,31,31,2,2,22,22,2,2,6,6,1,1,2,2,0,0,0,0,0,0,0,0,2,2,9,9
mitmproxy,52,94,227,285,7,11,202,242,11,18,51,91,1,1,3,91,2,11,33,116,4,24,21,115,27,29,115,112
mkdocs,11,19,38,41,1,2,36,38,1,2,4,7,1,2,3,8,0,2,0,17,1,4,7,19,7,7,24,22
ML-From-Scratch,7,6,30,30,2,2,30,30,0,0,0,0,0,1,0,2,0,0,0,0,0,0,0,0,5,3,20,16
mlflow,126,148,359,366,32,36,332,335,5,6,25,33,8,8,46,96,28,34,211,223,29,40,124,157,24,24,137,137
mlxtend,12,13,184,184,3,4,182,182,0,0,0,0,0,0,0,0,1,1,14,14,0,0,0,0,8,8,158,158
mmdetection,50,81,340,383,8,17,286,328,5,12,15,53,1,1,3,7,2,14,23,97,4,9,42,80,30,28,186,180
MMdnn,14,22,67,93,2,4,59,71,0,1,0,33,1,1,2,4,1,1,21,21,4,9,15,35,6,6,23,23
mmf,64,110,216,235,14,17,189,194,3,12,8,41,1,2,28,74,14,18,120,132,17,46,109,143,15,15,52,49
Mobile-Security-Framework-MobSF,15,15,60,60,1,1,35,35,0,0,0,0,0,0,0,0,1,1,10,10,11,11,50,50,2,2,5,5
mongo-python-driver,68,84,150,159,19,26,148,152,7,8,34,52,3,1,10,54,23,29,128,136,0,4,0,148,16,16,108,105
mongoengine,24,44,74,86,5,12,69,86,3,6,10,27,0,1,0,14,3,9,21,66,3,6,20,32,10,10,62,62
monkey,118,130,497,512,21,23,434,455,9,11,68,83,4,7,10,16,11,11,158,167,33,37,218,234,40,41,281,279
mopidy,19,36,122,125,4,5,121,125,0,1,0,2,1,2,2,17,1,8,10,52,0,7,0,35,13,13,94,94
moto,143,173,738,756,11,21,676,690,3,6,173,214,2,4,13,38,26,38,344,415,30,35,95,102,71,69,386,377
moviepy,29,32,111,114,5,6,110,112,3,3,21,40,1,1,3,10,3,4,39,76,12,12,41,43,5,6,93,93
mps-youtube,18,18,36,36,4,4,27,27,1,1,4,4,2,2,5,5,3,3,23,24,2,2,32,33,6,6,17,16
multi-v2ray,15,15,26,26,1,1,25,25,0,0,0,0,2,2,9,9,2,3,16,18,4,4,23,23,6,5,18,17
mvt,7,12,66,70,2,4,66,66,0,3,0,31,0,0,0,0,0,0,0,0,0,0,0,0,5,5,14,13
mwlib,30,40,110,113,3,6,103,105,2,2,11,13,2,2,5,26,5,10,41,63,4,5,35,47,14,15,43,37
mycli,8,11,28,36,0,0,0,0,0,0,0,0,0,0,0,0,1,2,9,23,1,3,3,18,6,6,23,23
mycroft-core,31,49,137,155,4,5,94,108,1,2,18,26,1,2,4,51,6,9,43,60,9,21,41,59,10,10,60,57
mypaint,47,78,131,131,10,21,125,126,7,13,16,45,1,1,32,67,14,27,103,114,4,4,87,99,11,12,84,84
mypy,85,107,238,270,22,26,229,239,6,8,40,50,1,1,11,134,29,36,193,205,5,14,71,180,22,22,151,151
nameko,33,41,84,87,10,10,78,78,4,5,20,28,1,2,2,11,5,8,44,58,3,5,16,22,10,11,53,53
nanodet,15,25,73,76,4,5,73,73,4,4,12,13,0,2,0,5,0,4,0,45,0,3,0,11,7,7,37,37
neon,59,86,226,234,19,20,218,218,7,9,66,106,2,2,6,34,8,15,125,166,6,22,32,133,17,18,109,108
netbox,109,123,234,251,11,11,168,168,12,14,58,82,3,2,6,60,9,11,79,99,52,62,148,175,22,23,112,110
networkx,84,96,287,378,3,8,176,344,3,4,6,39,0,1,0,8,5,6,24,204,5,9,30,73,68,68,227,222
newspaper,5,10,22,23,0,1,0,23,0,0,0,0,1,1,4,14,1,3,16,18,0,1,0,4,3,4,22,22
nginx-proxy,0,0,0,0,0,0,0,0,0,0,0,0,0,0,0,0,0,0,0,0,0,0,0,0,0,0,0,0
nlp-recipes,10,15,24,42,0,0,0,0,2,3,11,14,0,2,0,13,0,0,0,0,1,3,11,27,7,7,15,15
nltk,76,103,298,306,21,24,292,292,9,14,47,67,4,2,20,46,16,28,147,183,13,23,106,161,13,12,253,252
nni,44,69,197,281,4,4,99,99,14,20,65,104,1,5,3,98,6,7,57,59,10,24,64,110,9,9,33,31
node-gyp,7,9,48,48,1,1,48,48,1,1,3,3,1,1,2,3,0,1,0,12,1,2,25,27,3,3,34,34
nose,23,39,94,108,5,7,91,94,1,2,3,13,2,4,8,21,5,8,40,54,1,6,30,67,9,12,38,38
nova,232,360,1027,1149,42,59,918,980,20,29,218,337,3,3,8,321,35,67,443,623,38,112,286,652,94,90,640,625
ntfy,5,5,15,16,0,0,0,0,0,0,0,0,1,1,2,2,0,0,0,0,1,1,12,14,3,3,9,9
numba,150,202,523,553,19,28,436,461,16,23,120,158,2,1,144,176,26,40,359,407,42,65,204,394,45,45,244,234
numpy,99,164,394,424,22,38,379,388,1,4,6,26,5,5,34,80,30,44,273,303,16,49,105,269,25,24,310,309
numpy-ml,2,7,2,17,0,0,0,0,0,0,0,0,1,2,2,4,0,1,0,11,1,4,2,11,0,0,0,0
objection,5,8,34,40,1,1,23,23,0,1,0,6,0,1,0,2,0,0,0,0,2,3,20,26,2,2,6,6
OCRmyPDF,19,22,67,68,4,5,62,63,0,0,0,0,0,1,0,4,3,4,35,44,3,3,19,21,9,9,45,45
OctoPrint,68,103,209,210,16,24,205,205,6,10,20,40,1,1,47,66,16,26,107,133,17,30,72,88,12,12,154,153
ODM,16,23,54,63,4,4,40,40,0,1,0,14,0,2,0,5,3,4,35,38,5,7,20,28,4,5,25,25
offlineimap,12,29,37,42,1,4,31,36,2,5,5,14,1,1,18,24,0,7,0,33,4,7,24,34,4,5,26,25
OneForAll,10,15,81,88,2,3,78,82,1,2,3,70,0,1,0,2,0,0,0,0,0,1,0,7,7,8,70,70
onionshare,15,36,49,54,3,9,44,54,0,2,0,10,0,3,0,17,3,6,28,37,1,9,6,25,8,7,27,22
openage,30,42,117,153,2,3,63,89,5,6,39,69,1,6,2,15,1,1,13,13,8,14,29,51,13,12,37,35
OpenNMT-py,24,43,88,96,2,3,74,79,1,5,4,19,0,1,0,37,3,6,30,48,7,18,38,67,11,10,55,53
oppia,228,248,619,624,59,61,580,580,4,5,59,85,4,2,16,172,55,64,493,502,75,85,463,475,31,31,424,424
optuna,43,61,169,180,5,6,138,138,5,6,28,33,0,1,0,18,3,8,56,81,6,16,37,73,24,24,131,130
osmnx,8,8,27,27,2,2,25,25,0,0,0,0,1,1,2,2,2,2,14,14,0,0,0,0,3,3,23,23
P4wnP1,0,0,0,0,0,0,0,0,0,0,0,0,0,0,0,0,0,0,0,0,0,0,0,0,0,0,0,0
package_control,29,38,171,181,3,3,93,93,3,5,18,29,0,1,0,3,5,7,59,77,9,13,100,142,9,9,45,45
Paddle,258,324,1221,1810,43,46,1067,1085,16,22,92,208,3,3,98,230,49,55,763,780,43,95,244,1503,104,103,402,395
PaddleDetection,26,36,241,241,9,10,224,224,3,5,15,20,0,2,0,4,2,4,29,53,2,5,10,25,10,10,43,43
PaddleHub,33,42,274,287,4,4,95,95,5,6,197,205,1,2,4,18,4,5,35,39,9,15,23,39,10,10,36,36
PaddleOCR,16,19,57,73,0,0,0,0,0,0,0,0,0,1,0,5,3,3,28,28,2,4,10,27,11,11,43,43
pandas,219,273,554,586,45,57,538,547,18,21,82,219,1,1,99,125,60,73,415,446,39,64,132,169,56,57,379,379
paperless,8,13,36,44,1,1,25,25,0,1,0,3,0,2,0,5,0,0,0,0,4,6,15,27,3,3,12,12
paramiko,22,34,82,83,6,9,80,82,2,4,8,21,2,2,9,34,6,14,39,64,0,1,0,49,6,4,71,69
ParlAI,107,135,558,597,21,22,523,525,15,23,77,102,5,2,11,111,20,24,293,303,11,30,84,139,35,34,194,192
PathPicker,3,6,13,16,0,0,0,0,0,0,0,0,0,2,0,8,1,1,9,10,0,1,0,5,2,2,11,10
pdfminer,12,18,34,34,2,2,34,34,4,4,9,11,0,3,0,7,1,4,14,23,0,0,0,0,5,5,33,33
peewee,12,18,69,76,2,2,55,55,4,5,43,51,0,1,0,20,0,1,0,48,1,4,23,68,5,5,16,15
pendulum,22,33,103,112,3,8,103,112,2,3,5,16,2,2,4,8,5,9,32,68,4,4,14,16,6,7,24,23
persepolis,12,22,53,53,4,6,53,53,1,6,3,14,0,1,0,20,1,3,9,31,0,0,0,0,6,6,39,39
pgcli,8,12,40,42,0,0,0,0,0,0,0,0,0,1,0,5,2,3,25,29,0,1,0,17,6,7,28,28
picard,50,84,167,172,9,15,147,156,5,7,14,23,1,1,23,70,9,26,63,112,12,22,124,150,14,13,102,101
Pillow,34,41,261,266,7,8,258,258,4,4,61,65,1,1,16,31,7,12,208,234,0,1,0,237,15,15,232,232
pip,34,64,213,252,5,10,176,206,5,6,18,22,1,1,3,72,4,10,43,75,7,24,61,105,12,13,72,70
pip-tools,11,16,32,35,1,1,32,32,2,2,6,7,1,1,7,9,2,5,19,24,2,4,14,27,3,3,25,25
pipenv,124,172,499,538,19,24,396,396,16,25,62,81,14,3,62,234,31,45,228,266,28,58,200,285,16,17,60,58
pipx,12,12,41,41,4,4,40,40,0,0,0,0,0,0,0,0,2,2,20,20,0,0,0,0,6,6,20,20
pitivi,37,74,86,93,6,17,78,84,4,6,22,45,3,1,15,53,9,24,62,74,6,19,45,77,9,7,57,53
pitivi-pitivi,42,75,89,93,7,18,78,84,4,6,18,40,4,1,14,53,10,24,65,74,8,19,50,79,9,7,57,53
plasma,10,23,26,51,0,4,0,34,2,4,9,17,1,2,3,29,0,4,0,28,1,3,12,29,6,6,15,15
platformio-core,57,76,140,148,11,13,125,126,3,14,14,41,3,5,14,24,6,9,58,78,20,21,86,90,14,14,71,70
playwright-python,34,39,103,103,8,9,102,102,2,4,8,14,0,2,0,6,11,11,76,79,0,0,0,0,13,13,54,54
poetry,53,70,182,191,10,15,178,185,8,9,30,34,1,1,2,15,12,13,109,123,8,18,33,56,14,14,102,101
PokemonGo-Bot,18,28,83,97,3,5,67,87,4,5,17,30,0,1,0,15,1,3,10,41,4,7,57,69,6,7,42,38
poky,61,97,163,232,7,10,110,112,12,21,47,82,6,4,33,111,4,10,50,76,12,32,67,150,20,20,90,86
posthog,164,199,438,442,32,37,382,385,23,34,84,123,2,2,108,123,39,51,250,265,38,45,237,246,30,30,192,191
powerline,18,40,84,101,2,2,55,55,1,8,4,15,2,6,4,15,0,1,0,9,6,15,29,65,7,8,38,36
powerline-shell,2,4,15,29,1,2,13,27,1,1,9,9,0,1,0,2,0,0,0,0,0,0,0,0,0,0,0,0
prefect,99,117,300,318,13,17,271,279,11,12,68,91,2,1,9,70,10,12,128,155,23,35,87,122,40,40,187,184
pritunl,21,34,77,139,1,3,29,109,1,3,4,12,3,3,7,17,0,3,0,26,3,10,14,48,13,12,55,52
prophet,0,2,0,8,0,0,0,0,0,0,0,0,0,1,0,2,0,0,0,0,0,1,0,8,0,0,0,0
proselint,6,6,121,121,2,2,121,121,0,0,0,0,0,0,0,0,0,0,0,0,0,0,0,0,4,4,41,41
psutil,12,17,59,61,4,5,59,61,0,0,0,0,0,1,0,2,1,2,14,31,0,1,0,20,7,8,38,37
ptf,4,4,8,8,0,0,0,0,0,0,0,0,1,1,2,2,0,0,0,0,1,1,6,6,2,2,4,4
pwndbg,49,53,156,156,15,15,149,149,2,2,15,21,2,2,7,12,16,19,98,107,7,8,109,111,7,7,118,118
pwntools,64,78,171,172,10,13,166,166,4,5,15,17,3,2,51,63,16,21,88,100,11,17,53,64,20,20,108,108
py12306,19,24,34,35,2,2,31,31,0,0,0,0,1,1,15,19,3,5,21,28,10,12,27,28,3,4,16,16
pyalgotrade,21,48,175,180,6,11,171,175,3,3,15,31,0,3,0,11,0,6,0,64,0,11,0,55,12,14,149,149
pyAudioAnalysis,2,2,12,12,0,0,0,0,0,0,0,0,0,0,0,0,0,0,0,0,0,0,0,0,2,2,12,12
PyBoy,13,20,61,61,3,3,59,59,1,1,6,6,0,1,0,22,1,5,15,42,3,6,21,30,5,4,15,14
PyChecker,6,11,24,36,0,0,0,0,2,3,13,14,0,2,0,9,0,0,0,0,0,2,0,11,4,4,15,13
pydantic,25,31,73,132,7,7,73,73,0,1,0,8,1,2,12,17,9,11,40,53,0,1,0,75,8,9,37,35
pyecharts,22,33,101,105,5,7,92,98,2,5,7,28,0,2,0,14,5,8,48,72,4,6,45,47,6,5,72,70
PyGithub,26,36,213,216,8,11,213,215,0,1,0,10,0,0,0,0,9,14,100,194,0,0,0,0,9,10,173,173
pygments-main,33,41,241,243,5,8,208,218,2,4,30,44,1,2,2,10,8,10,129,156,4,4,181,181,13,13,116,115
pygorithm,1,1,3,3,0,0,0,0,1,1,3,3,0,0,0,0,0,0,0,0,0,0,0,0,0,0,0,0
pyinstaller,40,49,417,417,10,13,413,413,1,1,3,4,0,1,0,17,11,13,164,201,8,11,39,42,10,10,331,331
pyinstrument,8,11,34,38,1,2,34,38,0,1,0,4,0,0,0,0,0,1,0,19,1,1,9,10,6,6,18,15
pyjwt,5,5,12,12,0,0,0,0,0,0,0,0,0,0,0,0,0,0,0,0,0,0,0,0,5,5,12,12
pylint,27,44,186,188,5,9,160,160,1,5,5,26,1,2,2,17,1,3,10,74,6,13,41,79,13,12,107,105
pymc3,48,66,128,131,15,18,122,122,6,8,34,41,1,1,10,42,12,18,102,108,7,14,88,104,7,7,33,33
PyMySQL,5,9,33,36,1,3,32,36,0,0,0,0,1,1,2,4,0,1,0,29,0,0,0,0,3,4,19,16
pyod,14,16,65,113,3,3,59,59,0,1,0,59,0,0,0,0,1,1,10,11,0,1,0,65,10,10,51,51
pyppeteer,9,14,30,45,1,1,27,27,0,0,0,0,0,1,0,18,2,5,11,27,0,1,0,36,6,6,21,21
pyprobml,2,6,153,170,1,1,148,148,0,0,0,0,0,0,0,0,0,0,0,0,1,5,5,24,0,0,0,0
pyramid,54,84,167,251,9,14,87,167,19,25,60,102,0,2,0,45,8,16,67,95,4,13,56,124,14,14,66,66
pyro,147,206,535,549,34,43,524,525,20,25,104,196,1,4,6,66,41,63,421,449,11,31,105,172,40,40,277,271
pysc2,16,21,62,82,2,3,56,57,2,2,8,8,0,1,0,13,2,4,31,39,2,5,17,64,8,6,23,20
PySimpleGUI,3,10,16,304,0,1,0,11,0,0,0,0,0,1,0,9,0,0,0,0,0,5,0,301,3,3,16,14
pyspider,19,29,63,70,1,3,54,61,0,2,0,6,2,2,5,7,3,4,25,38,5,7,21,29,8,11,33,33
pyTelegramBotAPI,9,9,29,33,2,2,29,29,0,0,0,0,2,1,5,7,1,1,26,26,0,1,0,17,4,4,11,11
pytest,31,44,89,93,5,12,58,62,4,4,18,30,3,1,13,30,5,11,36,56,4,8,36,81,10,8,56,52
pytext,92,123,251,269,15,16,173,179,34,38,151,156,1,4,3,60,13,16,105,124,14,35,110,171,15,14,41,40
Python,14,15,52,57,0,0,0,0,0,0,0,0,0,0,0,0,0,0,0,0,0,1,0,5,14,14,52,52
python-for-android,23,33,177,181,6,8,174,175,0,1,0,7,2,2,4,11,3,7,54,134,0,2,0,17,12,13,44,43
python-mini-projects,0,0,0,0,0,0,0,0,0,0,0,0,0,0,0,0,0,0,0,0,0,0,0,0,0,0,0,0
python-patterns,0,0,0,0,0,0,0,0,0,0,0,0,0,0,0,0,0,0,0,0,0,0,0,0,0,0,0,0
python-phonenumbers,18,18,641,641,3,3,23,23,1,1,21,21,0,0,0,0,1,1,17,17,5,5,588,588,8,8,580,580
python-pinyin,7,7,34,34,0,0,0,0,1,1,3,3,0,0,0,0,1,1,13,13,3,3,23,23,2,2,5,5
python-prompt-toolkit,129,146,267,269,36,39,263,264,11,11,67,72,2,2,36,69,33,37,233,240,20,30,81,103,27,27,160,160
python-slack-sdk,49,51,155,159,5,5,72,72,6,7,24,31,2,2,4,4,8,8,64,64,11,12,45,49,17,17,63,63
python-spider,0,1,0,3,0,0,0,0,0,0,0,0,0,0,0,0,0,0,0,0,0,1,0,3,0,0,0,0
python-telegram-bot,98,113,286,289,38,42,282,282,4,5,12,22,1,4,2,15,39,44,214,220,11,12,125,166,5,6,254,254
python-twitter,3,5,14,19,0,0,0,0,0,0,0,0,0,1,0,2,1,1,12,12,0,1,0,8,2,2,4,4
pythondotorg,15,21,45,55,0,0,0,0,0,2,0,10,1,4,2,8,1,1,13,13,4,6,12,19,9,8,30,29
pytorch,143,187,652,702,32,37,558,569,15,20,176,215,6,5,21,132,24,37,400,437,16,38,183,300,50,50,261,257
pytorch-CycleGAN-and-pix2pix,3,7,22,25,0,1,0,25,0,0,0,0,0,1,0,2,0,0,0,0,0,1,0,4,3,4,22,21
PyTorch-GAN,1,4,8,33,0,1,0,27,0,0,0,0,0,0,0,0,0,0,0,0,0,2,0,7,1,1,8,8
pytorch-image-models,16,18,97,100,2,3,57,72,0,0,0,0,0,0,0,0,4,4,48,48,1,2,5,10,9,9,40,40
pytorch-lightning,139,244,368,390,30,53,359,369,23,33,108,173,2,3,4,120,30,53,248,311,26,74,125,243,28,28,225,223
pytorch-metric-learning,32,48,145,149,7,10,143,143,5,9,13,43,0,1,0,8,3,8,25,57,2,5,14,35,15,15,105,105
pytorch3d,48,54,220,222,9,9,208,208,5,6,18,22,0,1,0,3,7,11,59,83,9,10,47,52,18,17,65,62
pytorch_geometric,65,80,275,343,9,11,192,202,1,1,29,31,1,2,2,22,3,6,59,92,6,18,76,161,45,42,151,142
PyTricks,0,0,0,0,0,0,0,0,0,0,0,0,0,0,0,0,0,0,0,0,0,0,0,0,0,0,0,0
pytube,6,8,34,34,2,2,31,31,0,0,0,0,0,1,0,2,0,1,0,11,1,1,6,9,3,3,27,27
pytype,52,101,199,247,5,14,138,200,9,12,45,59,0,1,0,65,8,22,100,134,8,27,74,167,22,25,125,124
pywal,5,5,14,14,0,0,0,0,0,0,0,0,0,0,0,0,0,0,0,0,0,0,0,0,5,5,14,14
pywikibot,57,87,281,287,15,21,281,281,5,9,40,82,1,3,2,48,13,21,183,229,6,17,99,216,17,16,253,252
pywonderland,1,4,3,15,0,0,0,0,0,0,0,0,0,1,0,2,0,1,0,7,0,1,0,5,1,1,3,3
qqbot,8,11,25,35,1,1,18,18,1,2,3,4,1,1,4,12,1,2,9,15,2,3,15,30,2,2,14,14
QUANTAXIS,26,42,107,121,5,7,89,102,0,1,0,6,0,2,0,29,5,8,49,71,2,11,33,64,14,13,82,81
qutebrowser,159,280,405,409,32,57,398,401,11,14,72,108,2,1,115,160,53,85,243,335,41,103,136,229,20,20,356,354
ranger,30,69,92,93,1,10,88,91,11,15,23,34,1,1,12,30,5,19,40,79,7,17,52,64,5,7,84,84
rasa,215,231,408,410,46,50,365,368,23,25,194,200,4,1,61,132,56,59,262,267,51,60,157,167,35,36,251,251
ray,399,493,1112,1221,60,70,892,925,40,46,196,249,11,6,249,473,107,122,735,796,87,155,441,771,94,94,501,494
Real-Time-Voice-Cloning,4,5,18,26,0,0,0,0,0,0,0,0,0,0,0,0,0,1,0,12,3,3,15,17,1,1,3,3
real-url,2,7,10,20,0,0,0,0,1,2,5,7,0,1,0,6,1,3,9,12,0,1,0,10,0,0,0,0
recommenders,7,12,19,35,0,0,0,0,6,6,17,19,0,1,0,3,0,2,0,14,0,2,0,10,1,1,2,2
responder,3,4,8,14,0,0,0,0,0,0,0,0,0,0,0,0,0,1,0,13,1,1,4,7,2,2,5,5
reviewboard,152,203,499,533,22,28,412,420,16,20,70,120,4,4,65,117,22,35,266,302,50,75,240,298,38,41,223,221
rich,38,42,133,135,11,12,132,132,2,2,9,10,2,1,26,50,17,21,119,123,0,0,0,0,6,6,58,58
roboto,5,7,10,14,0,0,0,0,0,0,0,0,0,1,0,2,0,0,0,0,0,1,0,8,5,5,10,10
RocAlphaGo,4,11,32,34,1,3,32,32,0,1,0,12,0,1,0,4,0,1,0,11,0,2,0,21,3,3,16,16
routersploit,18,22,393,394,9,9,390,390,1,1,3,5,0,2,0,6,4,4,49,50,0,2,0,9,4,4,21,21
rqalpha,48,63,113,117,6,9,97,101,1,4,5,17,2,3,10,21,7,9,58,67,14,19,55,61,18,19,70,70
rtv,14,24,37,44,1,5,23,33,2,3,6,16,2,2,8,19,4,8,24,34,0,1,0,29,5,5,24,24
RxPY,54,58,352,363,8,8,323,323,3,6,77,91,3,3,20,25,5,5,247,247,8,9,164,178,27,27,163,163
sacred,26,37,105,109,2,8,97,100,2,3,10,20,0,1,0,17,7,8,50,62,4,6,30,45,11,11,55,55
sage,229,287,588,596,35,43,514,522,30,35,121,145,10,6,241,292,56,75,372,421,37,64,355,420,61,64,355,355
sanic,29,43,111,129,5,9,103,114,1,3,4,8,0,2,0,26,6,11,65,88,7,8,38,100,10,10,62,60
SASM,2,3,6,11,0,0,0,0,0,0,0,0,2,2,6,6,0,0,0,0,0,1,0,5,0,0,0,0
saws,6,8,19,24,0,0,0,0,0,2,0,4,0,0,0,0,1,2,17,20,0,0,0,0,5,4,13,12
scalene,3,3,23,23,0,0,0,0,0,0,0,0,0,0,0,0,1,1,20,20,0,0,0,0,2,2,10,10
scapy,127,155,287,303,23,28,233,234,22,28,212,231,6,8,67,93,45,52,202,203,18,27,226,255,13,12,172,172
scikit-image,74,80,324,330,6,8,272,291,6,6,28,29,2,3,6,8,5,6,53,58,8,12,35,53,47,45,162,158
scikit-learn,212,252,691,693,47,51,646,647,11,16,145,199,1,1,14,38,69,78,477,482,22,45,108,167,62,61,485,484
scipy,120,164,611,650,20,29,596,605,8,9,39,96,3,5,21,71,26,40,190,282,8,25,56,180,55,56,431,431
scrapy,70,114,239,281,11,17,224,242,5,12,26,56,2,3,5,53,7,15,90,133,10,31,81,230,35,36,122,122
scylla,3,3,8,8,0,0,0,0,0,0,0,0,0,0,0,0,0,0,0,0,2,2,6,6,1,1,3,3
seaborn,14,21,57,60,3,4,56,57,1,2,8,17,1,1,9,12,2,6,19,33,0,1,0,12,7,7,24,24
security_monkey,33,41,189,193,10,11,181,181,4,5,16,18,0,2,0,7,2,3,51,55,6,9,48,72,11,11,62,62
segmentation_models.pytorch,5,9,37,40,1,1,25,25,1,2,3,22,0,0,0,0,1,1,27,28,0,3,0,9,2,2,9,9
semantic-segmentation-pytorch,1,1,4,4,0,0,0,0,0,0,0,0,0,0,0,0,0,0,0,0,0,0,0,0,1,1,4,4
sentence-transformers,12,14,51,52,2,2,43,43,1,1,3,3,0,1,0,4,1,1,16,16,4,5,19,21,4,4,17,17
seq2seq,9,12,57,58,1,1,42,42,1,2,6,10,0,0,0,0,1,2,11,20,0,1,0,5,6,6,39,39
serenata-de-amor,6,10,25,31,1,1,16,16,1,1,4,4,0,2,0,4,0,0,0,0,1,3,3,9,3,3,6,6
SerpentAI,16,23,31,42,1,1,15,15,4,4,12,12,1,4,2,11,0,2,0,14,8,10,23,32,2,2,6,5
shadowsocksr,6,7,19,23,0,0,0,0,1,1,4,4,0,0,0,0,0,2,0,12,2,2,11,11,3,2,11,8
sigma,7,12,44,60,1,2,34,37,1,2,10,12,0,1,0,4,0,0,0,0,3,5,14,50,2,2,8,8
skorch,9,15,32,41,2,3,30,35,1,2,7,9,1,2,2,7,0,2,0,23,1,2,10,21,4,4,15,15
sktime,53,73,248,270,9,10,212,213,3,7,13,39,2,2,16,74,13,16,105,117,7,19,26,68,19,19,103,102
SlowFast,9,18,46,63,1,2,33,51,0,1,0,3,1,6,2,13,2,3,16,25,2,3,20,23,3,3,22,22
snips-nlu,49,59,105,107,10,12,91,92,2,5,6,15,4,5,11,14,13,14,70,73,10,14,40,56,10,9,63,63
snorkel,14,18,40,52,0,0,0,0,5,9,16,30,0,0,0,0,0,0,0,0,3,3,12,12,6,6,20,20
social-engineer-toolkit,34,35,66,66,2,2,63,63,0,0,0,0,1,1,2,3,2,2,51,51,22,23,44,51,7,7,44,44
sonnet,19,21,103,109,6,6,99,99,3,3,11,11,0,1,0,3,4,4,24,26,0,1,0,18,6,6,20,20
spaCy,60,68,561,567,11,13,556,556,2,2,31,56,0,1,0,7,9,13,216,225,4,5,46,55,34,34,258,256
sphinx,116,168,311,336,22,35,303,331,10,14,43,58,6,2,25,87,37,50,222,253,24,50,114,218,17,17,255,254
spiderfoot,8,12,396,412,1,3,389,404,0,0,0,0,0,0,0,0,0,1,0,210,0,1,0,12,7,7,389,388
splash,16,27,70,78,3,5,55,59,1,4,3,12,0,2,0,23,1,5,13,48,3,5,24,65,8,6,40,36
spleeter,8,10,19,21,0,0,0,0,2,2,5,6,0,1,0,2,1,1,10,10,2,3,14,15,3,3,7,7
spotipy,5,7,28,39,1,2,27,39,0,0,0,0,0,0,0,0,0,0,0,0,0,0,0,0,4,5,12,11
spyder,105,237,350,492,11,23,265,365,11,31,42,153,2,3,21,217,17,38,158,257,27,105,145,267,37,37,174,163
sqlalchemy,239,336,506,553,73,92,496,500,41,54,337,375,4,2,24,146,88,121,458,465,6,39,51,300,27,28,411,408
sqlmap,71,109,450,451,26,30,450,450,2,12,28,50,1,2,5,77,22,28,311,323,14,32,82,124,6,5,293,292
statsmodels,198,313,811,848,34,50,761,777,23,28,146,217,3,3,27,128,37,61,379,499,36,105,154,289,65,66,454,453
stock,2,4,5,8,0,0,0,0,0,1,0,2,0,1,0,5,0,0,0,0,0,0,0,0,2,2,5,5
Stream-Framework,23,31,73,75,2,4,70,70,5,5,19,25,2,3,5,7,7,9,43,51,5,8,18,26,2,2,4,4
streamlink,43,73,227,282,7,12,214,247,5,7,50,71,0,2,0,29,4,11,150,182,5,19,28,233,22,22,129,127
streamlit,54,103,318,319,13,15,306,307,1,42,5,52,1,1,47,67,11,14,230,233,10,13,97,100,18,18,135,135
superset,159,193,509,545,22,25,408,418,9,13,45,86,3,1,20,186,21,25,196,209,75,100,276,301,29,29,219,217
supervisor,24,32,62,65,5,8,61,61,3,4,6,8,2,1,9,24,7,10,42,47,1,3,22,53,6,6,24,23
Surprise,10,14,47,51,2,4,46,50,0,1,0,6,0,0,0,0,0,0,0,0,1,2,7,14,7,7,24,23
synapse,241,366,686,705,49,74,637,645,14,27,69,123,5,1,17,295,63,114,527,560,60,101,365,467,50,49,404,402
sync-engine,105,119,301,313,23,24,280,280,11,12,54,82,2,1,29,66,27,30,172,180,21,27,86,98,21,25,136,135
taiga-back,169,221,674,675,49,57,673,675,8,12,55,90,1,3,14,83,38,52,314,399,36,60,138,206,37,37,497,497
Tautulli,103,180,331,543,18,20,164,164,23,35,85,151,12,5,115,315,22,35,143,175,20,77,165,397,8,8,51,51
Telethon,28,52,88,115,4,6,65,86,7,8,21,28,0,2,0,43,0,3,0,51,5,20,50,89,12,13,45,43
tensor2tensor,109,139,449,450,27,31,441,441,10,13,92,107,0,2,0,39,32,43,307,327,10,20,252,286,30,30,339,339
tensorboardX,4,5,11,20,0,0,0,0,0,0,0,0,0,0,0,0,0,1,0,14,0,0,0,0,4,4,11,10
TensorFlowOnSpark,3,4,9,9,0,0,0,0,0,0,0,0,0,1,0,2,0,0,0,0,0,0,0,0,3,3,9,9
tensorlayer,26,30,200,201,8,8,200,200,1,2,9,14,1,1,3,4,0,1,0,51,3,6,24,44,13,12,145,145
tensorpack,73,114,213,218,18,25,199,201,12,13,40,45,3,3,13,54,13,32,120,163,9,20,52,103,18,21,164,164
tensortrade,11,24,84,94,1,2,52,64,3,4,19,35,0,2,0,13,3,8,35,44,2,6,11,21,2,2,4,4
textual,28,37,61,63,5,6,56,57,4,7,18,24,1,1,2,24,7,9,48,50,5,8,30,43,6,6,32,31
text_classification,0,1,0,4,0,0,0,0,0,1,0,4,0,0,0,0,0,0,0,0,0,0,0,0,0,0,0,0
tflearn,15,16,63,65,3,3,60,60,0,0,0,0,0,1,0,2,3,3,28,32,5,5,29,31,4,4,11,11
Theano,171,210,331,346,35,39,312,312,25,28,150,172,1,1,87,119,53,61,264,273,23,46,119,227,34,35,201,201
thefuck,32,34,191,192,5,7,184,187,1,1,7,12,2,1,10,15,1,2,42,106,3,3,20,20,20,20,62,61
theHarvester,9,9,45,45,3,3,44,44,0,0,0,0,0,0,0,0,0,0,0,0,0,0,0,0,6,6,28,28
thumbor,32,50,162,163,7,10,160,162,3,6,8,15,1,2,2,7,1,6,17,53,5,11,23,45,15,15,76,73
tianshou,40,57,122,124,11,14,121,121,5,9,22,39,0,1,0,2,9,13,75,92,8,12,40,60,7,8,67,67
tinygrad,5,9,30,33,1,1,24,24,1,1,2,2,0,2,0,7,0,0,0,0,2,4,14,28,1,1,6,6
toolz,5,5,10,9,0,0,0,0,0,0,0,0,1,1,2,2,0,0,0,0,0,0,0,0,4,4,9,8
tornado,39,45,91,91,13,15,91,91,4,6,27,29,3,1,11,25,12,16,66,77,1,1,9,10,6,6,72,72
tpot,6,10,20,30,0,0,0,0,0,1,0,3,0,1,0,4,0,1,0,21,0,1,0,3,6,6,20,20
tqdm,10,11,49,49,2,2,47,47,1,1,7,9,0,1,0,5,0,0,0,0,0,1,0,14,7,6,24,22
tribler,87,125,280,309,14,18,186,192,5,10,51,101,1,4,7,113,5,16,73,123,47,64,161,195,15,13,81,77
troposphere,16,16,262,263,4,4,262,262,1,1,2,10,1,1,8,9,1,1,13,14,0,0,0,0,9,9,48,48
tushare,5,7,27,29,1,1,22,22,0,0,0,0,0,1,0,2,0,0,0,0,1,2,14,17,3,3,9,9
tvm,213,299,1065,1187,36,50,985,1043,20,27,98,137,7,4,19,190,39,61,368,560,26,74,165,413,85,83,494,486
Ultra-Light-Fast-Generic-Face-Detector-1MB,1,1,7,7,0,0,0,0,0,0,0,0,0,0,0,0,0,0,0,0,1,1,7,7,0,0,0,0
umap,5,5,16,16,0,0,0,0,0,0,0,0,0,0,0,0,0,0,0,0,0,0,0,0,5,5,16,16
universe,4,8,18,35,0,0,0,0,0,0,0,0,0,1,0,18,0,0,0,0,3,7,16,27,1,0,2,0
urh,93,149,308,319,21,34,278,284,9,18,55,99,2,2,6,162,23,42,165,219,14,30,132,183,24,23,130,125
urllib3,23,38,66,67,8,10,66,66,1,5,9,14,0,1,0,18,8,11,47,49,1,6,17,45,5,5,56,56
virtualenv,27,40,104,107,3,5,97,97,5,7,17,24,2,2,8,9,1,6,22,58,11,14,25,34,5,6,38,35
visidata,15,26,86,100,0,4,0,80,0,0,0,0,0,2,0,12,0,2,0,42,1,2,40,59,14,16,67,63
vision,31,41,136,148,5,7,122,142,4,4,12,12,0,1,0,2,3,6,28,44,1,4,5,38,18,19,76,76
volatility,92,122,283,341,15,20,237,244,12,14,75,161,2,1,6,72,19,32,185,224,8,22,111,262,36,33,192,189
voltron,8,13,31,42,2,2,29,29,0,2,0,15,0,1,0,3,0,1,0,10,1,3,10,32,5,4,19,19
vprof,4,4,15,15,0,0,0,0,0,0,0,0,0,0,0,0,0,0,0,0,0,0,0,0,4,4,15,15
vyper,63,72,255,274,6,10,205,239,3,3,19,21,2,2,27,30,11,12,73,77,19,23,72,77,22,22,169,169
wafw00f,2,4,4,52,0,1,0,51,0,0,0,0,0,0,0,0,0,1,0,49,0,0,0,0,2,2,4,4
wagtail,139,182,637,654,14,21,530,540,28,36,160,196,5,3,18,81,14,20,171,208,37,60,189,230,41,42,170,166
wal-e,19,26,64,79,1,2,27,40,2,4,9,28,0,2,0,7,4,4,40,40,8,10,35,42,4,4,16,14
walle-web,18,25,64,65,4,4,55,55,2,3,18,23,0,1,0,35,0,2,0,23,4,7,24,39,8,8,29,29
WeasyPrint,20,34,79,83,2,5,41,49,0,0,0,0,1,1,41,47,7,12,37,46,7,13,57,78,3,3,28,28
websockets,20,27,54,57,4,4,46,46,2,4,9,12,1,3,3,9,3,4,33,35,2,4,22,31,8,8,27,27
wechat_jump_game,0,0,0,0,0,0,0,0,0,0,0,0,0,0,0,0,0,0,0,0,0,0,0,0,0,0,0,0
weibospider,9,9,29,29,0,0,0,0,1,1,4,4,0,0,0,0,0,0,0,0,4,4,24,24,4,4,10,10
werkzeug,42,46,112,113,11,12,110,110,3,3,15,20,4,5,19,25,12,13,75,81,4,5,31,32,8,8,94,94
wfuzz,24,40,103,109,5,7,94,103,2,6,6,21,0,2,0,9,4,9,70,86,6,8,34,41,7,8,47,45
whoogle-search,4,6,15,15,0,0,0,0,0,0,0,0,0,1,0,3,0,0,0,0,1,2,9,10,3,3,10,10
wifiphisher,5,11,22,23,1,1,22,22,0,0,0,0,0,2,0,7,0,2,0,19,1,2,10,20,3,4,10,9
wifite2,26,30,44,44,4,6,41,41,2,2,15,16,1,1,14,19,6,8,39,42,7,7,39,39,6,6,19,19
wxpy,22,26,35,37,2,4,34,37,2,2,9,10,1,1,11,14,6,7,30,33,5,6,21,23,6,6,18,18
xadmin,23,31,64,65,6,8,60,61,4,4,12,18,1,1,3,13,2,7,27,41,3,3,50,51,7,8,41,41
xonsh,59,74,193,205,9,13,176,185,2,3,11,16,2,1,68,88,20,27,128,143,7,10,76,139,19,20,102,101
yapf,15,19,48,49,5,5,48,48,2,2,12,12,0,1,0,7,4,6,33,35,0,0,0,0,4,5,43,43
yellowbrick,35,40,153,156,7,7,144,144,1,3,5,19,1,1,4,4,1,2,15,25,6,8,35,41,19,19,62,60
yolov5,9,14,23,23,1,1,22,22,0,0,0,0,1,2,2,10,1,3,11,16,1,3,3,16,5,5,15,15
YOLOX,8,16,56,57,1,2,54,54,0,1,0,6,0,1,0,4,0,1,0,15,1,5,4,18,6,6,17,16
you-get,5,7,37,119,1,1,31,31,0,0,0,0,0,1,0,4,1,1,25,25,2,3,13,113,1,1,3,3
YouCompleteMe,10,14,46,47,3,3,45,45,2,2,12,13,0,1,0,2,0,0,0,0,1,3,18,36,4,5,29,29
yowsup,30,42,182,199,5,6,159,161,5,8,47,59,0,3,0,15,2,2,24,24,1,7,5,32,17,16,48,46
YYeTsBot,3,3,7,7,0,0,0,0,0,1,0,3,0,0,0,0,0,0,0,0,1,1,5,5,2,1,4,2
Zappa,4,5,12,15,0,0,0,0,0,0,0,0,0,1,0,5,0,0,0,0,0,0,0,0,4,4,12,12
zipline,93,126,229,247,15,22,199,219,13,18,44,78,1,3,10,61,22,25,161,173,20,35,94,146,22,23,100,99
airavata-django-portal,7,7,53,53,0,0,0,0,1,1,3,3,0,0,0,0,0,0,0,0,0,0,0,0,6,6,53,53
bitbake,42,59,102,119,6,9,96,98,10,13,40,60,5,3,29,70,4,10,50,69,7,14,37,70,10,10,57,54
boto,108,124,375,412,9,11,252,257,5,7,87,98,5,1,41,165,14,25,159,230,51,58,214,244,24,22,92,79
calibre,442,691,1096,1137,54,98,940,995,36,57,180,304,4,5,388,621,95,165,631,746,153,267,693,843,100,99,413,381
cassandra-dtest,16,22,116,118,4,5,105,105,1,1,5,8,0,1,0,5,0,2,0,94,2,4,77,92,9,9,69,69
celery,82,170,293,302,20,35,287,289,4,12,12,49,2,4,25,90,23,48,161,223,9,46,69,191,24,25,188,186
cerbero,17,27,55,76,2,4,35,41,3,4,12,18,2,4,14,20,2,4,18,30,3,8,27,59,5,3,12,8
certbot,33,52,167,181,4,7,118,128,3,6,27,34,1,4,3,12,2,7,30,69,4,6,36,58,19,22,96,96
ChatterBot,17,22,62,66,2,4,61,66,1,3,7,12,0,1,0,3,1,2,38,46,2,2,16,17,11,10,35,34
cheetah,8,11,37,40,1,1,35,35,2,3,5,6,2,1,6,15,2,3,23,26,1,3,16,29,0,0,0,0
cherrypy,19,33,102,105,3,8,100,101,4,6,13,23,2,2,10,32,3,8,53,79,2,4,32,81,5,5,95,95
cobbler,12,29,84,88,4,9,84,85,0,0,0,0,0,2,0,23,1,8,17,68,0,1,0,40,7,9,73,73
codespeed,2,4,6,13,0,0,0,0,0,0,0,0,0,1,0,2,0,0,0,0,0,1,0,8,2,2,6,6
django,384,508,1522,1602,54,65,1447,1480,51,72,318,544,14,3,82,294,110,154,1001,1094,38,100,203,416,117,114,873,869
sentry,222,282,1065,1271,28,37,756,836,17,32,144,365,7,6,94,439,33,39,369,451,48,84,543,617,89,84,345,337
sympy,569,623,1054,1069,123,136,978,987,51,57,372,437,14,11,322,391,195,211,800,827,91,116,358,407,95,92,713,706
twisted,97,171,443,703,5,8,100,139,56,73,304,393,9,11,46,204,6,10,49,75,13,62,136,527,8,7,17,15
XX-Net,112,163,556,670,16,21,410,414,31,43,96,136,11,6,67,264,24,32,174,198,21,52,104,268,9,9,42,42
zulip,128,149,473,517,22,25,377,384,3,5,31,39,1,1,67,91,27,31,264,275,20,32,151,278,55,55,317,317
